,node1,node2,q,k,v
0,409,1301,244.80815972222223,0.0797568576388889,62.10494791666667
1,1301,560,221.50954861111111,0.06000590277777776,64.49878472222224
2,560,370,202.1701388888889,0.058214149305555546,65.08628472222225
3,370,369,211.9435763888889,0.06116076388888888,65.35581597222225
4,369,1135,227.36805555555554,0.06601536458333332,64.4037326388889
5,1135,1134,215.82638888888889,0.07192031250000003,63.60121527777776
6,1134,1133,201.89409722222223,0.06735381944444449,63.370486111111084
7,1133,1132,215.46006944444446,0.06431180555555555,63.446006944444434
8,1132,1131,249.25173611111111,0.06406232638888887,63.605208333333366
9,1131,1141,260.02256944444446,0.06060416666666666,63.57361111111112
10,1141,1129,224.14236111111111,0.07236180555555555,63.13038194444444
11,1129,1130,237.9670138888889,0.0660973958333333,64.88368055555554
12,1130,1126,280.14583333333337,0.0754659722222222,64.5694444444444
13,1126,1128,270.9826388888889,0.07567951388888888,63.47187499999996
14,1128,1127,273.2829861111111,0.05627829861111109,64.11163194444444
15,1127,1124,287.0729166666667,0.06513993055555553,63.332118055555554
16,1124,1125,287.22222222222223,0.06088559027777776,64.1486111111111
17,1125,1317,268.375,0.05018090277777776,66.2157986111111
18,1317,1122,243.64930555555554,0.05022170138888889,67.08871527777777
19,1122,1233,158.12152777777777,0.046997569444444456,65.60729166666661
20,1233,1232,81.51388888888889,0.04398715277777779,63.62222222222216
21,1232,1251,81.51388888888889,0.04398715277777779,63.62222222222216
22,1251,1252,181.62152777777777,0.06404409722222222,59.011284722222214
23,1252,1250,181.64930555555557,0.06404409722222222,59.030034722222226
24,1250,447,143.40277777777777,0.05315815972222221,62.22656249999999
25,447,1234,199.94444444444446,0.06001666666666667,61.465972222222256
26,1234,1236,200.04340277777777,0.05807604166666672,63.13333333333335
27,1236,1235,211.85243055555554,0.07766232638888892,62.822569444444426
28,1235,1249,210.86458333333334,0.08119496527777777,60.811458333333334
29,1249,448,201.5685763888889,0.07018567708333331,61.17109375000001
30,448,1237,140.62413194444446,0.05942265625,62.94800347222219
31,1237,1240,134.31423611111111,0.04498072916666668,64.9071180555555
32,1240,1239,186.74305555555554,0.05441840277777778,63.96579861111108
33,1239,1248,181.578125,0.05402204861111111,63.60104166666666
34,1248,449,150.01041666666666,0.04602743055555556,64.92473958333332
35,449,1238,102.43055555555554,0.04543020833333334,64.0421006944444
36,1238,1247,125.46875,0.0496748263888889,63.89513888888888
37,1247,1246,148.53298611111111,0.04854392361111111,64.42934027777778
38,1246,1241,104.63368055555556,0.04285625,64.19392361111107
39,1241,1242,81.56944444444444,0.04398715277777779,63.65972222222217
40,1242,450,113.34114583333334,0.042205208333333355,65.08819444444443
41,450,451,140.91753472222223,0.039756510416666696,66.6123263888889
42,451,1245,109.14583333333334,0.04153845486111113,65.18385416666665
43,1245,452,100.26692708333334,0.03672851562500001,65.68567708333333
44,452,454,125.34939236111111,0.03333007812500001,67.05737847222224
45,454,1244,106.6640625,0.040588715277777784,65.08611111111111
46,1244,1243,81.59375,0.04398715277777779,63.76909722222221
47,1243,773,110.796875,0.0495375,63.68003472222222
48,773,1002,133.53472222222223,0.05821371527777777,61.39010416666666
49,1002,195,128.05729166666666,0.06260529513888889,60.16874999999998
50,195,469,137.52430555555554,0.06751024305555556,60.96788194444444
51,469,468,145.64930555555557,0.06727387152777778,61.38637152777779
52,468,467,147.83072916666669,0.06545703124999999,61.657638888888904
53,467,1016,134.34461805555557,0.06110685763888889,61.57699652777777
54,1016,1013,123.43923611111111,0.053490104166666684,63.18836805555554
55,1013,1014,130.84722222222223,0.05348680555555558,64.18072916666667
56,1014,353,162.52690972222223,0.04951041666666668,64.62942708333334
57,353,1025,181.63628472222223,0.04376284722222223,65.31276041666666
58,1025,1012,168.01388888888889,0.049309548611111115,62.123090277777806
59,1012,1024,164.4375,0.04937361111111111,62.742534722222246
60,1024,1011,166.06076388888889,0.041712673611111126,65.41093750000002
61,1011,352,186.85503472222223,0.05454583333333335,62.43454861111113
62,352,1023,199.23350694444446,0.0589046875,62.70538194444446
63,1023,1010,190.91666666666669,0.05289114583333335,63.375694444444434
64,1010,1022,189.54340277777777,0.054065451388888894,63.43559027777776
65,1022,1009,193.07465277777777,0.051376388888888874,63.87986111111111
66,1009,351,208.93142361111111,0.05725963541666666,62.68541666666665
67,351,1021,215.19184027777777,0.05575321180555555,63.63524305555552
68,1021,1008,197.22222222222223,0.05224253472222221,63.0237847222222
69,1008,1020,187.90104166666669,0.053028125,62.994965277777794
70,1020,1007,195.30208333333334,0.052320138888888895,63.714930555555554
71,1007,313,212.72569444444446,0.061230729166666664,62.69505208333332
72,313,360,227.18923611111111,0.07315755208333335,62.47395833333332
73,360,1019,219.85590277777777,0.06429331597222226,62.20390625
74,1019,1006,199.75694444444446,0.042289062500000016,64.65260416666669
75,1006,1018,186.71180555555554,0.04658333333333331,63.89079861111113
76,1018,1005,196.94965277777777,0.05459809027777775,61.0935763888889
77,1005,359,215.8029513888889,0.04606258680555553,63.30121527777777
78,359,358,225.6857638888889,0.04668081597222222,64.78854166666667
79,358,1017,227.04079861111111,0.050724652777777796,64.89583333333333
80,1017,1004,216.68229166666669,0.04414114583333334,65.94340277777776
81,1004,774,209.19270833333334,0.03843055555555556,66.94774305555552
82,774,1003,220.97222222222223,0.03950486111111111,66.58055555555555
83,1003,357,223.94270833333334,0.04195277777777776,66.13289930555555
84,357,772,226.40625,0.04156874999999998,65.77717013888889
85,772,194,228.36545138888889,0.039416579861111106,65.65390625000003
86,194,775,221.70052083333334,0.03702109375,66.53810763888893
87,775,356,237.140625,0.0395322048611111,66.73411458333337
88,356,776,236.72743055555554,0.04276067708333331,66.97317708333335
89,776,777,224.77083333333331,0.040090625,67.34548611111114
90,777,1264,241.55208333333331,0.048098437500000035,65.5529513888889
91,1264,1263,233.3454861111111,0.05760503472222227,64.26788194444444
92,1263,196,211.57638888888889,0.053558767361111134,65.34956597222221
93,196,477,220.82725694444446,0.04837430555555556,66.18940972222222
94,477,374,228.28645833333331,0.0361921875,67.8140625
95,374,1015,206.9140625,0.031193663194444443,68.87855902777777
96,1015,764,193.41319444444446,0.036878993055555545,67.85017361111109
97,764,377,228.03038194444446,0.03669869791666665,67.44635416666662
98,377,191,244.42621527777777,0.03925494791666666,66.99305555555551
99,191,375,254.3185763888889,0.04638967013888888,65.59105902777777
100,375,456,268.5546875,0.054791319444444445,63.97934027777779
101,456,378,277.82725694444446,0.05840668402777778,62.310329861111114
102,378,765,290.99565972222223,0.05959461805555556,62.57274305555555
103,765,766,285.3611111111111,0.07442812500000001,61.5368055555555
104,766,376,317.3845486111111,0.07363767361111112,62.1522569444444
105,376,767,343.8220486111111,0.06430156249999999,64.1831597222222
106,767,768,324.3732638888889,0.08192343749999997,60.41597222222223
107,768,379,375.6328125,0.09619079861111109,61.71206597222224
108,379,380,410.5720486111111,0.08728541666666667,63.65894097222225
109,380,381,391.2135416666667,0.08026901041666668,63.18142361111111
110,381,769,376.32118055555554,0.08450772569444442,63.54548611111109
111,769,770,350.83506944444446,0.07352065972222221,63.065798611111106
112,770,771,373.24479166666663,0.06098298611111112,65.24288194444445
113,771,192,402.82118055555554,0.06376822916666669,65.49131944444446
114,192,193,416.6935763888889,0.06989166666666666,64.50651041666669
115,193,382,382.31684027777777,0.07882960069444445,60.78480902777778
116,382,1155,398.9895833333333,0.09210234374999997,59.368576388888904
117,1155,1260,327.4166666666667,0.06660711805555553,64.7732638888889
118,1260,1259,211.63715277777777,0.04254930555555558,65.95225694444449
119,1259,1261,206.78125,0.07861579861111113,59.47256944444449
120,1261,466,215.11024305555554,0.0903920138888889,58.802256944444466
121,466,967,340.03038194444446,0.07690069444444445,63.44513888888889
122,967,956,441.86631944444446,0.08610624999999997,63.19149305555554
123,956,297,430.60416666666663,0.09029930555555554,61.45902777777778
124,297,446,295.86024305555554,0.07755512152777777,58.96197916666667
125,446,1290,266.04600694444446,0.08198515624999995,57.57864583333334
126,1290,934,330.24652777777777,0.0841517361111111,61.32690972222222
127,934,561,345.95052083333337,0.07786328125000003,63.269184027777776
128,561,343,297.37890625,0.08435351562500003,62.29743923611111
129,343,1302,256.0794270833333,0.07543676215277781,62.9312065972222
130,1302,944,331.7170138888889,0.07420347222222227,63.65572916666666
131,944,579,368.58680555555554,0.07980885416666668,62.173263888888904
132,579,968,228.5451388888889,0.06082170138888887,61.89305555555554
133,968,957,221.53645833333331,0.0629743055555556,63.57777777777772
134,957,6,330.3029513888889,0.08328741319444449,63.08420138888885
135,6,969,325.5876736111111,0.10284227430555556,64.4090277777778
136,969,970,309.71875,0.10582795138888894,63.39027777777781
137,970,1293,240.99479166666666,0.0754526041666667,62.186458333333356
138,1293,424,190.34114583333331,0.060550868055555554,62.82612847222222
139,424,1262,123.7578125,0.05238420138888889,62.749565972222186
140,1262,322,81.51388888888889,0.04398715277777779,63.62222222222216
141,322,971,81.51388888888889,0.04398715277777779,63.62222222222216
142,971,958,81.51388888888889,0.04398715277777779,63.62222222222216
143,958,7,94.67534722222223,0.0419748263888889,64.59227430555552
144,7,421,106.43576388888889,0.03764982638888889,66.1111111111111
145,421,422,93.78819444444444,0.03255581597222222,66.08246527777777
146,422,423,82.02777777777777,0.03688081597222223,64.56362847222218
147,423,1307,227.5642361111111,0.07636145833333331,61.190972222222186
148,1307,566,404.7361111111111,0.10873576388888884,58.74592013888886
149,423,972,81.51388888888889,0.04398715277777779,63.62222222222216
150,972,1274,81.51388888888889,0.04398715277777779,63.62222222222216
151,1274,959,81.51388888888889,0.04398715277777779,63.62222222222216
152,959,973,81.51388888888889,0.04398715277777779,63.62222222222216
153,973,960,81.51388888888889,0.04398715277777779,63.62222222222216
154,579,1100,295.9166666666667,0.0786046875,58.39513888888891
155,1100,1103,227.96354166666669,0.09513906249999998,58.03368055555557
156,1103,1102,234.76388888888889,0.08787586805555547,61.45590277777778
157,1102,1104,216.78472222222223,0.10026527777777774,60.65138888888889
158,1104,1101,210.47916666666666,0.10105902777777777,59.60086805555556
159,1101,1105,200.36111111111111,0.07936631944444447,59.843055555555566
160,1105,1106,192.23611111111111,0.07306440972222225,60.258854166666694
161,1106,1107,172.08333333333331,0.06209947916666669,62.433854166666684
162,1107,363,116.47048611111111,0.05675147569444447,60.884982638888886
163,363,1159,107.48263888888889,0.06208567708333329,60.720052083333336
164,1159,1158,123.72395833333334,0.09402847222222219,60.161805555555574
165,1158,1160,124.97395833333334,0.08454131944444446,62.57274305555558
166,1160,1161,113.47743055555556,0.05489600694444445,65.2795138888889
167,1161,1162,103.13368055555556,0.045564062500000016,65.15225694444445
168,1162,1163,124.22743055555554,0.036075000000000024,67.91475694444446
169,1163,1164,132.08854166666666,0.044857465277777765,67.87673611111114
170,1164,1165,123.22048611111111,0.05038680555555554,66.25468749999999
171,446,1229,169.90885416666669,0.06070182291666665,60.12534722222223
172,1229,1186,151.38888888888889,0.048254687500000004,63.353125000000006
173,1186,1228,134.54861111111111,0.03361440972222223,63.844270833333326
174,1228,1185,144.50520833333334,0.03456753472222223,64.50763888888889
175,1185,445,154.84461805555554,0.05106822916666668,64.42517361111112
176,445,1222,149.0078125,0.057815972222222234,63.19184027777779
177,1222,1209,145.16319444444446,0.051258506944444435,63.1388888888889
178,1209,1223,161.15625,0.05128315972222221,62.670659722222226
179,1223,1210,181.60763888888889,0.06022013888888888,61.125
180,1210,1224,193.03819444444446,0.07178368055555558,58.60225694444445
181,1224,1211,212.87673611111111,0.07301718750000002,59.65017361111111
182,1211,440,203.38194444444446,0.06947213541666666,59.80147569444444
183,440,1225,151.15104166666666,0.07866102430555558,57.31814236111114
184,1225,1212,121.34375,0.06106631944444446,62.16458333333337
185,1212,439,131.140625,0.06104956597222224,60.74513888888891
186,439,442,176.203125,0.07932855902777779,57.2474826388889
187,442,1226,242.05381944444446,0.06828107638888888,61.23550347222222
188,1226,1213,253.6388888888889,0.05645833333333333,64.21145833333334
189,1213,443,221.5217013888889,0.048518315972222226,63.74218750000001
190,443,1227,227.71788194444446,0.05151015625000001,62.93194444444444
191,1227,1214,243.77256944444446,0.06050034722222223,61.47118055555557
192,1214,1221,232.41493055555554,0.06678385416666671,61.07899305555556
193,1221,1215,205.25347222222223,0.05951493055555559,64.44045138888887
194,1215,1220,204.66145833333331,0.05172986111111111,65.66197916666664
195,1220,1216,235.00173611111111,0.05614114583333335,64.87482638888892
196,1216,1219,242.08680555555554,0.05413732638888889,64.77013888888895
197,1219,1218,241.16493055555554,0.05343402777777777,65.06770833333336
198,1218,1217,238.03298611111111,0.059265277777777764,63.797395833333326
199,1217,1207,241.64409722222223,0.06057187499999998,63.12135416666667
200,1207,1203,244.76041666666666,0.06712465277777778,61.73524305555556
201,1203,1204,263.53645833333337,0.06517569444444445,62.967881944444414
202,1204,1202,283.15972222222223,0.06916354166666665,63.827777777777776
203,1202,437,285.36631944444446,0.07853263888888887,62.192968750000034
204,437,1205,305.671875,0.061645833333333316,63.587934027777784
205,1205,1201,253.51041666666669,0.042745312499999986,65.93802083333334
206,1201,1230,191.84027777777777,0.0482796875,65.57517361111113
207,1230,441,197.59027777777777,0.06035729166666669,62.381510416666664
208,441,1206,217.38020833333334,0.05718072916666666,62.72248263888888
209,1206,436,221.4296875,0.05699210069444443,60.03203125
210,436,1200,220.38107638888889,0.054542795138888885,59.91328124999998
211,1200,438,233.2265625,0.051330989583333334,64.34288194444443
212,438,435,225.97309027777777,0.05085138888888889,64.74644097222223
213,435,1208,230.10416666666666,0.05159123263888886,65.07942708333331
214,1208,1199,223.54166666666669,0.04500763888888887,66.07812500000003
215,1199,791,214.59027777777777,0.040123611111111124,66.20555555555559
216,791,792,215.390625,0.04503836805555556,65.0503472222222
217,792,794,220.42013888888889,0.05078263888888887,64.80208333333331
218,794,793,222.77083333333331,0.05189444444444444,64.43576388888887
219,793,1231,222.40972222222223,0.04947118055555558,62.96440972222222
220,1231,795,246.15972222222223,0.04740225694444447,64.39947916666668
221,795,796,244.50173611111111,0.0526685763888889,63.34913194444445
222,796,444,160.10416666666666,0.03869253472222223,63.46302083333332
223,444,798,75.61284722222221,0.024655208333333345,64.58732638888888
224,798,797,47.18055555555556,0.022946354166666672,64.47239583333337
225,797,800,161.39583333333334,0.038974131944444435,65.6748263888889
226,800,799,268.5729166666667,0.060142187500000006,65.49305555555557
227,799,1097,367.2204861111111,0.06817517361111114,63.641319444444434
228,1097,801,479.13715277777777,0.08524427083333336,59.74340277777775
229,801,802,461.26215277777777,0.09590989583333331,58.79479166666667
230,802,803,571.9166666666666,0.13830607638888887,59.767881944444454
231,803,804,556.4947916666666,0.1529854166666667,57.434895833333314
232,804,805,423.390625,0.11170850694444451,58.09704861111109
233,805,806,441.1840277777778,0.08466875000000001,62.43368055555554
234,806,807,437.90625,0.10657673611111115,60.16059027777774
235,807,808,405.79340277777777,0.13476128472222226,57.91597222222221
236,808,809,395.07465277777777,0.1328196180555555,61.04722222222224
237,809,810,397.38368055555554,0.13038402777777772,62.19427083333337
238,810,811,386.95833333333337,0.11595156249999997,60.008159722222224
239,811,812,389.69618055555554,0.09906753472222225,60.663715277777754
240,812,206,374.4765625,0.11126953125,59.5884548611111
241,206,815,371.67100694444446,0.12492994791666667,57.59592013888889
242,815,813,386.63715277777777,0.12176736111111114,57.75868055555559
243,813,494,378.19270833333337,0.11752065972222225,58.17855902777781
244,494,816,363.74479166666663,0.11765972222222225,57.63046875000001
245,816,817,341.9357638888889,0.12055850694444446,56.64826388888888
246,817,818,336.76909722222223,0.12650069444444445,56.26840277777775
247,818,819,343.51041666666663,0.13330416666666672,55.01631944444444
248,819,1098,339.5173611111111,0.1489937500000001,54.12274305555556
249,1098,820,348.2447916666667,0.14040190972222222,54.83125000000001
250,820,495,356.6267361111111,0.11594383680555552,58.13706597222222
251,495,1036,338.6423611111111,0.12321814236111109,58.241579861111106
252,1036,1030,330.03993055555554,0.12640486111111113,56.02326388888892
253,1030,1031,332.86805555555554,0.11300850694444445,56.04843750000002
254,1031,1037,336.9184027777778,0.12273784722222225,56.11874999999999
255,1037,1032,324.2152777777778,0.1412,55.97986111111112
256,1032,909,324.9392361111111,0.12132395833333329,57.4708333333333
257,909,329,335.6189236111111,0.10733046874999999,58.97291666666663
258,329,1033,342.0911458333333,0.08493480902777777,61.294791666666654
259,1033,433,322.5564236111111,0.06895625,62.54348958333333
260,433,1196,295.66927083333337,0.08123854166666668,61.99939236111113
261,1196,207,291.2057291666667,0.08783038194444444,60.609288194444446
262,207,434,240.64756944444446,0.10653689236111114,57.82855902777777
263,434,484,315.5060763888889,0.11191059027777782,58.72621527777778
264,484,485,423.8263888888889,0.09076440972222222,61.32604166666667
265,485,821,422.13020833333337,0.11444765625,60.444270833333334
266,821,822,412.63194444444446,0.14420225694444447,58.065625000000004
267,822,1034,374.97395833333337,0.11847517361111115,58.15086805555556
268,1034,486,379.0,0.1211330729166667,58.60963541666667
269,486,823,401.84722222222223,0.1344127604166666,58.50529513888889
270,823,1035,387.77083333333337,0.13108229166666657,58.55520833333332
271,1035,824,388.33333333333337,0.12160868055555553,59.7982638888889
272,824,208,378.4357638888889,0.11755529513888886,59.38845486111113
273,208,825,353.81597222222223,0.13048515624999996,57.094184027777786
274,825,487,367.15104166666663,0.1348186631944444,56.88532986111114
275,487,826,368.46006944444446,0.1310136284722222,56.78081597222224
276,826,1151,352.02430555555554,0.11417951388888886,58.89861111111114
277,1151,937,341.27777777777777,0.10476267361111109,60.409895833333366
278,937,488,364.61371527777777,0.1170344618055556,59.60746527777779
279,488,827,371.24913194444446,0.12105842013888896,58.725520833333334
280,827,209,346.8107638888889,0.11456753472222223,59.28090277777778
281,209,489,388.78125,0.13017057291666667,60.31840277777778
282,489,490,408.5052083333333,0.13461788194444446,59.16996527777777
283,490,828,383.50868055555554,0.1162948784722222,59.739756944444466
284,828,584,341.47916666666663,0.09203750000000002,62.236284722222244
285,584,1197,254.82118055555554,0.06474878472222224,63.62951388888891
286,1197,887,226.45659722222223,0.05822621527777776,63.58888888888892
287,887,585,233.703125,0.06432517361111106,62.22569444444447
288,585,1198,216.38020833333331,0.0800361111111111,60.17291666666668
289,1198,491,219.3125,0.07754062500000002,59.95503472222224
290,491,1254,236.1875,0.05645920138888892,63.900520833333346
291,1254,1253,252.55381944444443,0.07933506944444448,61.60989583333333
292,1253,1187,270.3888888888889,0.10662951388888892,60.31024305555557
293,1187,1188,271.8541666666667,0.0838935763888889,65.37083333333337
294,1188,1178,243.28472222222223,0.08219565972222222,57.51753472222225
295,1178,410,244.38541666666666,0.09555260416666665,55.42838541666665
296,410,1179,247.859375,0.08706909722222227,62.49435763888886
297,1179,1180,205.1232638888889,0.062023784722222294,63.94947916666665
298,1180,411,231.87586805555554,0.05615633680555558,64.61953125
299,411,1181,264.91059027777777,0.08175217013888887,64.04696180555557
300,1181,1182,356.50347222222223,0.13924774305555548,55.07500000000001
301,1182,412,367.0763888888889,0.13365798611111104,54.70529513888887
302,412,413,264.48090277777777,0.08097890625000001,62.2921875
303,413,414,261.05902777777777,0.08064244791666668,61.879340277777764
304,414,415,261.36024305555554,0.08483081597222224,61.151996527777754
305,415,1183,248.73177083333331,0.07788394097222223,61.2659722222222
306,1183,1184,229.47569444444446,0.07138159722222227,63.017361111111086
307,1122,1121,231.84895833333331,0.0465467013888889,67.68402777777777
308,1121,1123,203.94965277777777,0.041251041666666675,67.62152777777777
309,1123,1120,253.56597222222223,0.04722222222222224,68.1234375
310,1120,1119,284.3385416666667,0.04913663194444445,67.75138888888888
311,1119,367,255.2734375,0.04164444444444444,68.43168402777778
312,367,1118,279.45572916666663,0.04033472222222223,69.83532986111112
313,1118,1142,289.38194444444446,0.038440277777777775,69.83263888888888
314,1142,1150,278.93402777777777,0.04249461805555554,68.37760416666666
315,1150,1112,265.0642361111111,0.05004166666666665,66.65885416666667
316,1112,1140,269.421875,0.053902256944444435,65.6074652777778
317,1140,1113,272.51041666666663,0.052639062499999986,65.61875000000003
318,1113,945,279.74479166666663,0.048376388888888885,66.56770833333336
319,945,906,287.57118055555554,0.05274722222222223,66.46944444444442
320,906,1267,276.32118055555554,0.0525546875,67.0630208333333
321,1267,1137,277.96354166666663,0.051913715277777786,67.33159722222223
322,1137,276,274.8958333333333,0.053437326388888914,66.96493055555555
323,276,1139,299.38194444444446,0.055255034722222235,66.6083333333333
324,1139,365,313.24479166666663,0.061234201388888895,65.28611111111107
325,365,419,300.19878472222223,0.060249479166666654,65.61935763888889
326,419,1114,279.16059027777777,0.05585729166666664,65.16484374999999
327,1114,1316,278.0833333333333,0.05109253472222221,65.66649305555553
328,1316,1315,293.76215277777777,0.04928350694444444,66.26128472222223
329,1315,1270,277.7829861111111,0.061947048611111125,63.4873263888889
330,1270,1115,277.6267361111111,0.07342274305555559,62.069270833333334
331,1115,43,285.6197916666667,0.07232187500000001,62.67855902777778
332,43,594,301.11631944444446,0.07929809027777779,61.587413194444466
333,594,593,310.19965277777777,0.08743524305555556,60.69305555555559
334,593,373,319.3880208333333,0.08559348958333332,62.209288194444454
335,373,1312,323.60850694444446,0.07619904513888887,64.11519097222225
336,1312,905,312.36458333333337,0.07963645833333331,62.295659722222226
337,905,472,296.21788194444446,0.0875911458333333,58.61024305555556
338,472,974,302.06684027777777,0.07428923611111113,61.72204861111112
339,974,1266,307.63715277777777,0.07315902777777783,60.95607638888886
340,1266,903,311.62847222222223,0.08132482638888891,58.1376736111111
341,903,763,337.0954861111111,0.0753347222222222,60.15642361111108
342,763,478,344.62065972222223,0.07710711805555553,60.42664930555552
343,478,902,311.0564236111111,0.07491770833333333,62.01623263888888
344,902,762,315.46006944444446,0.07819565972222217,63.09340277777779
345,762,901,324.1267361111111,0.08286388888888882,61.54687499999999
346,901,275,317.7951388888889,0.07440460069444443,61.12413194444442
347,275,190,365.2092013888889,0.07760512152777777,62.2833333333333
348,190,761,410.0494791666667,0.07812152777777776,64.44965277777774
349,761,760,425.0017361111111,0.08509097222222221,62.9782986111111
350,760,759,435.22395833333337,0.09053333333333338,62.47447916666668
351,759,758,429.9513888888889,0.08075190972222226,63.59722222222225
352,758,480,451.765625,0.09071588541666667,62.72708333333334
353,480,757,475.53125,0.09594505208333333,63.62309027777779
354,757,189,461.91927083333337,0.089925,62.64600694444448
355,189,756,468.7387152777778,0.09339600694444446,60.50520833333337
356,756,188,471.9314236111111,0.09521041666666667,60.31328125000002
357,188,755,475.6310763888889,0.10076006944444446,59.90824652777778
358,755,754,468.99305555555554,0.10580798611111114,58.39409722222223
359,754,479,486.1918402777777,0.11226006944444447,58.397395833333334
360,479,1265,518.0737847222222,0.11651111111111112,58.825694444444444
361,1265,470,499.20746527777777,0.11575772569444448,58.79618055555555
362,470,753,488.69704861111114,0.13450251736111113,55.80399305555555
363,753,471,510.07378472222223,0.1574790798611111,51.53255208333334
364,471,187,489.6970486111111,0.1325808159722222,53.96380208333335
365,187,371,371.00086805555554,0.08625850694444447,60.25833333333336
366,371,1170,279.2526041666667,0.12029982638888895,58.55173611111115
367,1170,852,293.02083333333337,0.14114305555555562,54.72274305555556
368,852,395,302.9748263888889,0.10699644097222225,54.71388888888889
369,395,1145,282.73350694444446,0.08701484374999999,58.76354166666666
370,1145,234,274.39756944444446,0.08944800347222226,59.600954861111106
371,234,853,270.046875,0.08158376736111116,58.31970486111109
372,853,235,272.03385416666663,0.07390963541666665,60.1653645833333
373,235,396,322.93055555555554,0.10169279513888888,59.42491319444444
374,396,854,337.6154513888889,0.09394913194444446,63.1048611111111
375,854,855,312.51909722222223,0.096396875,60.98819444444443
376,855,856,317.84375,0.09205902777777775,59.56059027777778
377,856,236,328.57118055555554,0.08355060763888886,61.55407986111109
378,236,457,366.84809027777777,0.10275598958333332,60.7487847222222
379,457,857,392.8515625,0.07915208333333335,64.67126736111112
380,857,237,386.1111111111111,0.05259010416666667,66.50460069444445
381,237,1155,422.5798611111111,0.07603246527777774,63.71519097222222
382,1155,383,435.22569444444446,0.09455651041666663,62.131770833333334
383,383,1154,246.0920138888889,0.06717265625,63.11059027777774
384,1154,455,246.08246527777777,0.06717265625,63.20156249999998
385,455,954,322.6640625,0.08500286458333332,61.50555555555559
386,954,296,236.30555555555554,0.07454036458333332,60.70460069444447
387,296,964,279.98784722222223,0.06352977430555556,64.06501736111115
388,964,965,309.00347222222223,0.05909253472222223,63.10260416666671
389,965,323,300.95399305555554,0.07156093749999999,59.12473958333334
390,323,966,280.97309027777777,0.08269374999999998,61.90928819444446
391,966,955,244.40798611111111,0.09322517361111111,61.127083333333346
392,955,466,238.84635416666666,0.08890885416666669,60.056423611111114
393,954,386,158.109375,0.06181736111111111,61.93559027777778
394,386,384,179.2361111111111,0.04479583333333334,65.89947916666664
395,384,385,223.91319444444443,0.04223958333333334,67.45850694444442
396,385,1212,148.70138888888889,0.03869670138888889,66.63437499999999
397,954,933,250.90798611111114,0.07335451388888889,60.97673611111112
398,933,315,352.65972222222223,0.07636675347222223,59.77630208333332
399,315,314,422.078125,0.08740286458333334,57.56996527777779
400,314,110,467.84201388888886,0.08999861111111113,58.08454861111112
401,110,896,560.1215277777777,0.10050677083333334,57.21328125000001
402,896,650,545.2065972222222,0.09750590277777779,57.93194444444448
403,650,932,479.8298611111111,0.09180833333333331,60.98020833333337
404,932,578,459.78125,0.09875486111111104,61.66458333333336
405,578,355,340.65885416666663,0.08086458333333332,62.62118055555554
406,355,109,258.6423611111111,0.07293585069444447,60.72604166666662
407,109,205,258.65711805555554,0.07293585069444447,60.770920138888854
408,205,608,151.56770833333334,0.05348072916666669,63.66362847222218
409,608,204,151.56944444444446,0.05348072916666669,63.647569444444414
410,204,64,151.54166666666669,0.05348072916666669,63.62881944444441
411,64,1029,81.51388888888889,0.04398715277777779,63.62222222222216
412,1029,203,81.51388888888889,0.04398715277777779,63.62222222222216
413,203,202,81.51388888888889,0.04398715277777779,63.62222222222216
414,202,201,151.5251736111111,0.05348072916666669,63.59999999999994
415,201,354,151.5251736111111,0.05348072916666669,63.59999999999994
416,354,186,202.33246527777777,0.06906241319444446,61.56918402777775
417,186,747,334.3793402777778,0.1217627604166667,52.03967013888891
418,747,1193,403.47222222222223,0.12052100694444451,54.251562500000034
419,1193,425,459.8802083333333,0.11580190972222232,58.82899305555557
420,425,748,443.7065972222222,0.1341888888888889,53.8654513888889
421,748,749,450.1701388888889,0.11963350694444441,57.34201388888891
422,749,426,447.27517361111114,0.11673671875000001,57.37890625000001
423,426,975,426.09461805555554,0.13776137152777782,50.78984374999999
424,975,750,444.3923611111111,0.12582152777777778,54.71336805555553
425,750,432,455.3246527777778,0.10523246527777771,59.05390624999998
426,432,751,470.1197916666667,0.10461406249999995,56.113628472222246
427,751,752,474.5902777777778,0.09813645833333327,58.99340277777779
428,752,431,466.89756944444446,0.09996484374999995,59.04262152777776
429,431,976,484.5295138888889,0.09292248263888885,59.603038194444466
430,976,1117,411.203125,0.10636840277777772,57.89079861111112
431,1117,1116,364.47743055555554,0.09819409722222219,57.78350694444445
432,1116,1138,431.10243055555554,0.08721302083333334,58.4793402777778
433,1138,187,459.58506944444446,0.10449166666666668,55.69427083333335
434,205,108,264.1267361111111,0.07195494791666669,62.77751736111108
435,108,107,309.96006944444446,0.07850286458333333,62.50477430555555
436,107,649,312.53819444444446,0.07110868055555554,63.62230902777778
437,649,1041,310.17881944444446,0.08177013888888891,61.26631944444445
438,1041,106,298.6041666666667,0.08897213541666671,60.44791666666667
439,106,647,290.91840277777777,0.0773644965277778,63.70503472222223
440,647,648,301.18229166666663,0.07419965277777782,64.22552083333332
441,648,646,319.2673611111111,0.07952118055555557,62.39739583333334
442,646,645,321.8298611111111,0.08072934027777776,62.82100694444444
443,645,644,299.7986111111111,0.07852274305555557,62.632638888888856
444,644,105,276.171875,0.0846214409722222,59.62144097222222
445,105,104,174.30381944444446,0.06641119791666665,60.986892361111074
446,104,643,81.51388888888889,0.04398715277777779,63.62222222222216
447,643,641,81.51388888888889,0.04398715277777779,63.62222222222216
448,641,642,81.51388888888889,0.04398715277777779,63.62222222222216
449,642,640,81.51388888888889,0.04398715277777779,63.62222222222216
450,640,963,81.51388888888889,0.04398715277777779,63.62222222222216
451,963,639,221.53645833333331,0.0629743055555556,63.57777777777772
452,639,638,361.55902777777777,0.0819614583333334,63.533333333333275
453,638,962,361.55902777777777,0.0819614583333334,63.533333333333275
454,962,961,361.55902777777777,0.0819614583333334,63.533333333333275
455,961,637,361.55902777777777,0.0819614583333334,63.533333333333275
456,637,636,361.55902777777777,0.0819614583333334,63.533333333333275
457,636,103,361.55902777777777,0.0819614583333334,63.533333333333275
458,103,295,361.578125,0.0819614583333334,63.85798611111108
459,295,1040,361.578125,0.0819614583333334,63.85798611111108
460,1040,525,350.3142361111111,0.08476892361111116,62.36050347222218
461,525,524,351.24739583333337,0.09826163194444446,59.58038194444444
462,524,198,348.49913194444446,0.10001119791666664,58.60668402777779
463,198,1027,324.1128472222222,0.09498029513888886,55.92604166666666
464,1027,938,328.78472222222223,0.09209218749999995,57.62725694444447
465,938,523,321.41666666666663,0.1003216145833333,60.726128472222236
466,523,779,297.71180555555554,0.10210338541666666,58.41432291666662
467,779,778,309.9791666666667,0.09470052083333332,60.01076388888883
468,778,1280,337.97395833333337,0.08881128472222219,61.87656249999999
469,1280,1026,339.9670138888889,0.07476093750000003,63.116493055555566
470,1026,1279,329.48784722222223,0.0690666666666667,64.01614583333333
471,1279,304,317.0217013888889,0.08399027777777777,61.608940972222214
472,304,197,319.53559027777777,0.08434956597222223,61.81250000000002
473,197,1028,329.82118055555554,0.06352387152777778,64.30078125000003
474,1028,1283,269.1701388888889,0.10625312500000006,57.62065972222223
475,1283,186,268.70746527777777,0.12300529513888897,55.05651041666667
476,186,274,314.83159722222223,0.08192855902777782,60.93307291666667
477,274,185,357.81336805555554,0.08224236111111112,62.131510416666664
478,185,42,415.8810763888889,0.10112760416666663,62.561371527777794
479,42,184,411.69965277777777,0.10112057291666665,60.707378472222246
480,184,366,415.09809027777777,0.10562092013888887,58.464149305555566
481,366,1308,433.85243055555554,0.11634531249999999,57.55833333333332
482,1308,1144,424.97743055555554,0.10488072916666669,55.42847222222221
483,1144,746,438.25347222222223,0.11387170138888889,55.52621527777778
484,746,1136,446.63541666666663,0.12168385416666663,58.64305555555556
485,1136,430,455.875,0.12692395833333328,59.15677083333333
486,430,429,490.59461805555554,0.12769270833333332,57.210329861111106
487,429,183,475.78559027777777,0.1127649305555556,57.49149305555556
488,183,428,418.703125,0.10324522569444447,58.16345486111109
489,428,745,365.78125,0.08095876736111107,61.36701388888886
490,745,744,350.07465277777777,0.0956199652777778,58.778472222222234
491,744,743,340.6666666666667,0.09460121527777782,59.418402777777814
492,743,427,315.0920138888889,0.08119722222222225,62.4510416666667
493,427,182,304.67881944444446,0.09796883680555561,58.572048611111114
494,182,181,334.40625,0.11158376736111109,57.41770833333334
495,181,180,347.87934027777777,0.12254722222222215,56.025347222222244
496,180,179,333.35590277777777,0.12362526041666662,53.99270833333334
497,179,178,342.30729166666663,0.13537899305555554,52.34010416666668
498,178,177,359.48871527777777,0.15102517361111112,51.57335069444445
499,177,742,387.97222222222223,0.12606380208333337,56.02838541666667
500,742,41,382.5842013888889,0.13140894097222222,54.52282986111113
501,41,592,399.81163194444446,0.1466087673611111,52.53012152777778
502,592,741,398.41493055555554,0.18145434027777768,47.15052083333334
503,741,176,390.76475694444446,0.2079072916666666,42.588715277777794
504,176,740,430.92621527777777,0.15960121527777782,51.33697916666665
505,740,739,415.14409722222223,0.1556772569444445,48.0503472222222
506,739,591,411.65625,0.18382204861111112,43.22100694444445
507,591,738,418.65972222222223,0.17282656250000003,49.78368055555558
508,738,590,443.2986111111111,0.14737256944444455,55.417881944444446
509,590,368,464.5,0.14940364583333343,56.36276041666666
510,368,1304,343.2239583333333,0.16120590277777774,52.249392361111106
511,1304,264,237.62847222222223,0.15737838541666657,49.84973958333333
512,264,1269,290.38020833333337,0.12956380208333332,54.62022569444444
513,1269,1001,322.8871527777778,0.1414387152777778,55.42812500000001
514,1001,1255,343.0954861111111,0.13794461805555552,56.21406250000001
515,1255,1256,395.62152777777777,0.1558715277777777,60.019444444444424
516,1256,628,387.22395833333337,0.1443449652777778,62.149479166666666
517,628,492,267.38020833333337,0.0822328993055556,62.590538194444456
518,492,406,192.14409722222223,0.0740369791666667,62.76866319444444
519,406,407,178.61458333333334,0.05404861111111113,65.7665798611111
520,407,408,126.87760416666667,0.04083949652777778,66.5625
521,408,798,82.51996527777777,0.03671684027777779,63.83185763888892
522,628,629,364.25868055555554,0.10637881944444447,59.3015625
523,629,630,390.7204861111111,0.13265451388888883,54.841493055555546
524,630,291,420.32378472222223,0.14656744791666665,52.82968749999999
525,291,631,459.54774305555554,0.1717143229166667,51.37447916666666
526,631,632,427.26909722222223,0.13338402777777783,57.98159722222223
527,632,292,354.29947916666663,0.12494479166666671,57.83559027777776
528,292,399,236.49131944444443,0.10868194444444446,56.53289930555554
529,399,293,245.125,0.07790729166666668,60.27942708333332
530,293,633,412.03211805555554,0.10256684027777775,60.45763888888886
531,633,634,413.3715277777778,0.11477552083333328,58.462847222222194
532,634,953,364.25347222222223,0.10637881944444447,59.26267361111107
533,953,635,361.55902777777777,0.0819614583333334,63.533333333333275
534,635,1305,361.55902777777777,0.0819614583333334,63.533333333333275
535,1305,270,361.55902777777777,0.0819614583333334,63.533333333333275
536,270,294,361.578125,0.0819614583333334,63.85798611111108
537,294,895,361.55902777777777,0.0819614583333334,64.03993055555557
538,895,1281,308.2395833333333,0.1013526041666667,57.014930555555566
539,1281,1040,308.25868055555554,0.1013526041666667,56.83298611111108
540,1040,1284,298.6701388888889,0.08070763888888888,62.509722222222194
541,1284,1282,299.8611111111111,0.10125069444444437,57.31302083333334
542,1282,606,290.85590277777777,0.08913854166666665,57.96371527777778
543,606,780,293.2552083333333,0.08043263888888891,59.97847222222224
544,780,781,342.3732638888889,0.08957048611111111,59.02413194444445
545,781,607,341.6857638888889,0.08267291666666668,60.280208333333306
546,607,782,336.5503472222222,0.08913940972222223,59.67586805555555
547,782,783,328.7378472222222,0.09215347222222223,59.19201388888891
548,783,659,354.4861111111111,0.09554444444444447,60.31197916666669
549,659,784,374.62847222222223,0.09007118055555559,62.288368055555566
550,784,785,385.41493055555554,0.07317326388888891,64.73732638888889
551,785,530,317.7439236111111,0.06198767361111113,64.50677083333333
552,530,786,229.69704861111111,0.06250989583333334,61.99357638888891
553,786,199,201.40451388888889,0.05775130208333333,62.99722222222226
554,199,397,177.04427083333334,0.042902170138888876,65.64192708333334
555,397,268,145.52083333333334,0.031134201388888887,67.2323784722222
556,268,398,194.3203125,0.032537239583333336,67.75937499999996
557,398,893,237.58680555555554,0.037321267361111105,66.68888888888887
558,893,1175,218.0625,0.03584010416666666,67.03628472222223
559,1175,402,229.23003472222223,0.03520824652777777,67.87395833333335
560,402,403,241.38802083333331,0.04040138888888888,67.3738715277778
561,403,418,152.36892361111111,0.037099218749999996,67.59739583333337
562,418,441,132.0546875,0.04673472222222222,64.1859375
563,397,526,215.08680555555554,0.05398723958333334,64.4740451388889
564,526,527,325.40711805555554,0.07960980902777778,63.17213541666666
565,527,528,361.77256944444446,0.08113967013888891,63.80833333333334
566,528,200,319.20746527777777,0.06691484375000004,63.540625
567,200,529,273.08854166666663,0.046922048611111114,63.52491319444446
568,529,787,309.10850694444446,0.0627734375,62.97256944444448
569,787,788,358.40625,0.08667204861111114,64.36579861111116
570,788,789,382.80729166666663,0.0878104166666667,62.464583333333366
571,789,790,332.26909722222223,0.0700105902777778,61.29895833333333
572,790,798,155.80555555555557,0.04337899305555558,62.8388888888889
573,397,1046,181.27517361111111,0.03602222222222222,65.53793402777778
574,1046,404,252.86631944444443,0.06357300347222222,62.2302951388889
575,404,401,285.81944444444446,0.07165460069444443,61.99105902777778
576,401,267,262.23958333333337,0.059277430555555545,63.0073784722222
577,267,400,274.6657986111111,0.0712503472222222,61.334895833333306
578,400,1174,276.78211805555554,0.06778715277777775,61.66397569444442
579,1174,892,277.16145833333337,0.07366371527777774,60.53559027777777
580,892,1173,272.4947916666667,0.06875243055555554,60.81371527777776
581,1173,293,304.59114583333337,0.07537378472222224,61.342187499999966
582,1304,493,297.37065972222223,0.16370946180555554,50.08663194444444
583,493,575,291.9079861111111,0.1385958333333334,55.789409722222224
584,575,1313,278.90538194444446,0.11785789930555557,58.6347222222222
585,1313,1272,342.03125,0.11355434027777783,57.67934027777777
586,1272,1318,332.92881944444446,0.13692760416666666,55.538888888888906
587,1318,1314,316.60416666666663,0.16942083333333327,50.732638888888914
588,1314,310,198.34548611111111,0.10888559027777776,55.89010416666666
589,310,8,81.56944444444444,0.04398715277777779,63.65972222222217
590,8,15,138.80381944444446,0.06542178819444447,60.99548611111108
591,15,626,278.7986111111111,0.08440894097222228,60.93229166666663
592,626,102,371.7300347222222,0.1093125868055556,59.025434027777735
593,102,627,374.44010416666663,0.13372994791666665,54.47369791666665
594,627,1047,366.9791666666667,0.13079618055555553,54.4298611111111
595,1047,628,364.27430555555554,0.10637881944444447,59.02048611111112
596,1304,1268,331.0572916666667,0.15003802083333323,51.85902777777776
597,1268,908,362.0017361111111,0.11517083333333329,56.97343749999999
598,908,328,358.79600694444446,0.11511527777777779,56.17126736111112
599,328,1295,433.9505208333333,0.1615644097222223,50.304600694444446
600,1295,543,360.48350694444446,0.17068159722222226,48.098697916666644
601,543,1000,400.84114583333337,0.13233003472222218,52.99626736111107
602,1000,946,463.8125,0.15272934027777774,50.805902777777746
603,946,935,384.6232638888889,0.16108107638888886,49.7564236111111
604,935,1067,366.9791666666667,0.13079618055555553,54.4298611111111
605,1067,301,365.62586805555554,0.1185875,57.00859374999999
606,301,1068,362.93489583333337,0.09417013888888894,61.884982638888886
607,1068,940,221.56597222222223,0.0629743055555556,64.2015625
608,940,309,176.09982638888889,0.0576790798611111,63.64878472222222
609,309,101,259.32118055555554,0.08031050347222218,61.1519097222222
610,101,692,304.7734375,0.08560572916666669,61.41892361111111
611,692,586,221.56944444444446,0.0629743055555556,63.63541666666666
612,586,1089,115.66319444444446,0.1035427083333334,58.695312499999986
613,1089,1273,255.67708333333334,0.12252986111111121,58.95677083333334
614,1273,624,387.96527777777777,0.10823715277777778,59.714409722222236
615,624,625,414.3333333333333,0.13451284722222215,55.24618055555558
616,625,15,305.1857638888889,0.11068463541666665,56.78871527777778
617,15,16,222.72743055555554,0.08212057291666669,59.23637152777776
618,16,656,267.56597222222223,0.08701024305555558,58.47317708333334
619,656,580,336.61979166666663,0.07893177083333335,61.1418402777778
620,580,119,379.7873263888889,0.06438333333333335,64.4396701388889
621,119,17,395.1345486111111,0.07029739583333337,63.17274305555554
622,17,18,418.57552083333337,0.07698385416666668,61.1933159722222
623,18,287,360.60069444444446,0.08484696180555555,59.46961805555555
624,287,19,285.66927083333337,0.08420364583333333,60.175954861111094
625,19,311,272.1119791666667,0.09308619791666664,60.39453124999999
626,311,20,287.7135416666667,0.10085130208333332,59.42777777777779
627,20,1310,187.87586805555557,0.06691953125000001,61.74444444444444
628,1310,568,162.71614583333334,0.05980607638888887,62.015798611111094
629,568,1311,374.02690972222223,0.09483211805555553,59.08402777777775
630,1311,885,463.8854166666667,0.1205899305555555,56.843229166666646
631,885,501,411.36892361111114,0.11570963541666662,57.03298611111111
632,501,587,358.7404513888889,0.10335338541666665,59.39444444444446
633,587,695,319.69270833333337,0.08286354166666665,62.7387152777778
634,695,694,343.8767361111111,0.06408506944444442,63.536805555555546
635,694,693,379.24479166666663,0.09525642361111114,60.02690972222223
636,693,148,410.45225694444446,0.11449097222222226,59.41727430555557
637,148,147,391.03819444444446,0.10190078125000002,60.76640625000001
638,147,1273,354.2387152777778,0.08855963541666673,62.816840277777786
639,1273,100,395.1736111111111,0.10837057291666669,60.817795138888876
640,100,321,430.69444444444446,0.13971666666666663,55.820399305555554
641,321,99,444.8984375,0.15766293402777773,52.48151041666666
642,99,98,446.23263888888886,0.15822109374999999,52.297395833333304
643,98,263,385.03819444444446,0.12689921875000004,54.768576388888874
644,263,92,365.19444444444446,0.10761562500000002,57.63472222222221
645,92,570,509.12065972222223,0.10796927083333331,59.42751736111114
646,570,571,498.11805555555554,0.10873576388888884,59.03142361111114
647,571,883,367.5920138888889,0.09534861111111112,61.18541666666667
648,883,884,395.6197916666667,0.10720277777777779,59.2965277777778
649,884,501,411.36892361111114,0.11570963541666662,57.03298611111111
650,1310,581,192.30555555555557,0.09731197916666662,58.79496527777776
651,581,657,283.10590277777777,0.11977812499999996,57.54947916666664
652,657,21,315.81336805555554,0.10009279513888888,59.68168402777776
653,21,658,347.93489583333337,0.0919162326388889,60.82612847222225
654,658,1146,316.17534722222223,0.07848784722222221,60.05000000000002
655,1146,582,339.37847222222223,0.09805138888888887,57.722395833333344
656,582,583,350.1684027777778,0.10540295138888889,59.0170138888889
657,583,121,320.09461805555554,0.09849453124999999,58.68168402777776
658,121,120,309.5173611111111,0.09445286458333334,58.9282986111111
659,120,123,314.9166666666667,0.10222256944444445,59.06979166666666
660,123,122,318.9375,0.1127026909722222,56.08793402777778
661,122,22,357.5208333333333,0.12525928819444443,53.861111111111114
662,22,124,366.2873263888889,0.1392025173611111,54.263628472222216
663,124,125,337.2430555555556,0.13746302083333328,54.26718750000001
664,125,126,355.5373263888889,0.12301197916666666,54.37864583333335
665,126,127,366.08159722222223,0.12228220486111113,53.775607638888886
666,127,128,350.5720486111111,0.1316361979166667,53.26744791666665
667,128,129,355.50520833333337,0.13032256944444448,53.21414930555553
668,129,130,345.29079861111114,0.11567404513888889,54.36145833333331
669,130,131,323.0859375,0.10163680555555553,56.75260416666666
670,131,132,324.65711805555554,0.09508124999999999,59.01527777777777
671,132,133,343.19097222222223,0.09793732638888886,59.924913194444436
672,133,660,337.81510416666663,0.10074097222222225,58.297309027777786
673,660,661,344.61631944444446,0.08154201388888899,63.23072916666666
674,661,23,338.0286458333333,0.07377265625000004,65.41874999999999
675,23,662,313.1501736111111,0.08867178819444442,59.356770833333336
676,662,663,325.00347222222223,0.08003194444444443,61.702951388888884
677,663,541,339.9878472222222,0.06895451388888892,65.90842013888889
678,541,664,364.3142361111111,0.0812494791666667,66.38098958333333
679,664,665,324.0052083333333,0.080059375,64.50729166666665
680,665,666,302.7048611111111,0.0638359375,64.18020833333333
681,666,135,324.25347222222223,0.07300026041666666,63.79166666666664
682,135,136,337.02256944444446,0.09167152777777776,61.66814236111108
683,136,416,335.66059027777777,0.08472508680555554,61.08289930555554
684,416,567,341.38368055555554,0.07555711805555555,62.894357638888906
685,567,871,369.5859375,0.08802743055555554,62.896788194444454
686,871,1319,342.5902777777778,0.08290642361111111,62.4597222222222
687,1319,519,336.33506944444446,0.07846527777777781,63.65598958333331
688,519,1152,336.11284722222223,0.09276249999999997,60.84071180555553
689,1152,872,292.8298611111111,0.07636579861111106,62.07916666666664
690,872,520,295.4739583333333,0.0683006076388889,64.4306423611111
691,520,342,286.13715277777777,0.06548880208333334,64.20147569444444
692,342,90,253.74479166666666,0.04725086805555556,65.71666666666667
693,90,873,259.32118055555554,0.05699739583333333,63.740104166666654
694,873,521,274.7986111111111,0.07929652777777776,61.187239583333316
695,521,522,284.11371527777777,0.08889305555555552,60.6081597222222
696,522,207,281.77256944444446,0.09331909722222217,59.23350694444443
697,416,345,276.05381944444446,0.08116458333333335,59.31848958333333
698,345,869,272.84461805555554,0.08914965277777775,57.146267361111114
699,869,611,331.5954861111111,0.10083749999999997,56.728298611111114
700,611,1168,690.2725694444445,0.1351493055555555,53.007986111111116
701,1168,870,724.8072916666667,0.1354279513888888,50.97934027777777
702,870,563,403.92274305555554,0.10860564236111109,56.04062499999999
703,563,33,408.13194444444446,0.09949375000000002,59.613454861111116
704,33,32,374.0998263888889,0.08950902777777778,59.84539930555556
705,32,156,355.1536458333333,0.09391215277777776,59.94592013888889
706,156,505,404.80729166666663,0.10266440972222218,60.36432291666665
707,505,155,421.6501736111111,0.10352152777777776,59.68359374999997
708,155,154,409.4157986111111,0.10221032986111112,59.66744791666668
709,154,704,388.40538194444446,0.10040659722222224,59.97968750000005
710,704,703,389.75868055555554,0.09506371527777784,61.178124999999994
711,703,701,373.96006944444446,0.10883819444444445,59.77309027777774
712,701,702,364.77256944444446,0.1030003472222222,59.58732638888886
713,702,504,382.2170138888889,0.09489826388888889,60.04565972222218
714,504,700,391.078125,0.0931907986111111,60.868229166666666
715,700,699,366.9496527777778,0.10777361111111113,58.26423611111114
716,699,499,362.7291666666667,0.12738728298611116,55.985503472222234
717,499,698,338.94097222222223,0.1296246093750001,56.47248263888889
718,698,697,321.39409722222223,0.11643576388888893,56.873437499999994
719,697,696,336.6041666666667,0.12144270833333334,55.63663194444444
720,696,152,352.8068576388889,0.1281212239583333,55.10681423611112
721,152,503,370.41883680555554,0.11709960937499996,58.07018229166667
722,503,497,345.70920138888886,0.12043315972222224,57.23506944444444
723,497,496,342.5251736111111,0.11706128472222227,57.283072916666676
724,496,151,381.3489583333333,0.1297159722222222,57.87743055555556
725,151,150,416.2291666666667,0.11993263888888886,58.80407986111109
726,150,149,403.57986111111114,0.10575138888888888,59.398697916666656
727,149,502,388.0234375,0.09981397569444445,59.184375
728,502,501,392.33940972222223,0.09704921874999999,58.829774305555546
729,263,5,323.46440972222223,0.11201545138888891,55.48819444444446
730,5,4,346.7126736111111,0.13364279513888888,55.97421875000002
731,4,269,395.84027777777777,0.14383029513888887,56.8037326388889
732,269,622,376.9817708333333,0.15535434027777778,52.30980902777779
733,622,623,366.25694444444446,0.13508125,54.977256944444434
734,623,3,391.20833333333337,0.11645321180555555,58.61649305555556
735,3,97,379.0095486111111,0.15231987847222223,53.74218750000001
736,97,347,375.15277777777777,0.15513185763888887,53.19939236111111
737,347,96,380.421875,0.13992812499999996,53.92786458333334
738,96,2,379.3845486111111,0.13446458333333333,55.14279513888889
739,2,95,381.8151041666667,0.12632092013888885,56.826041666666654
740,95,1,392.73524305555554,0.13779557291666666,55.95052083333332
741,1,613,423.0954861111111,0.17747630208333337,53.091927083333346
742,613,952,414.87847222222223,0.1744322916666666,55.227430555555586
743,952,951,385.83159722222223,0.13910798611111105,58.84149305555558
744,951,621,389.9236111111111,0.1475935763888889,54.47135416666667
745,621,950,379.41666666666663,0.1451477430555556,54.19531250000001
746,950,620,393.0208333333333,0.13878107638888895,54.105034722222236
747,620,348,405.40190972222223,0.14673072916666668,52.00208333333334
748,348,85,363.49739583333337,0.12501041666666668,55.34383680555556
749,85,248,345.5390625,0.11200694444444442,56.59609375000001
750,248,86,334.43055555555554,0.13068020833333327,53.00946180555557
751,86,249,320.7421875,0.14414053819444445,50.6006076388889
752,249,250,322.44184027777777,0.13155572916666672,53.779166666666654
753,250,863,286.6276041666667,0.14830720486111115,50.60364583333332
754,863,864,305.8177083333333,0.14351128472222222,48.24027777777778
755,864,865,363.59722222222223,0.12140590277777775,52.7470486111111
756,865,87,382.06944444444446,0.14114079861111112,54.977343749999974
757,87,251,364.74131944444446,0.13978194444444447,54.76796874999998
758,251,252,337.21180555555554,0.1337124131944445,54.00486111111111
759,252,867,322.99305555555554,0.13288515625000002,54.169618055555546
760,867,866,317.42708333333337,0.12346284722222226,55.56284722222219
761,866,1092,335.43402777777777,0.11950572916666669,56.967187499999966
762,1092,868,346.1701388888889,0.12441406249999999,56.78281249999999
763,868,88,375.2482638888889,0.1292959201388889,56.8121527777778
764,88,253,384.59375,0.12414722222222226,57.813975694444444
765,253,254,353.6953125,0.10900564236111111,59.055295138888866
766,254,255,348.90885416666663,0.08997586805555559,61.61197916666662
767,255,256,361.5685763888889,0.0819614583333334,63.695659722222175
768,256,89,314.64496527777777,0.09329939236111112,60.57352430555554
769,89,33,350.0842013888889,0.09903854166666665,58.77708333333334
770,1116,851,398.98784722222223,0.10000833333333337,58.99774305555557
771,851,233,424.18836805555554,0.11731258680555556,54.60043402777777
772,233,80,491.91059027777777,0.12161414930555557,52.739322916666666
773,80,79,522.84375,0.13699340277777783,53.177256944444444
774,79,850,482.97743055555554,0.11134756944444446,56.52812499999999
775,850,930,433.5208333333333,0.11021979166666665,54.96579861111111
776,930,557,416.78472222222223,0.12108324652777772,53.502690972222226
777,557,78,459.25520833333337,0.11894835069444437,55.852951388888904
778,78,559,507.1484375,0.13664687499999995,57.2251736111111
779,559,232,473.79513888888886,0.1384033854166667,56.54184027777775
780,232,558,454.8185763888889,0.13022994791666664,55.627430555555534
781,558,849,457.9097222222223,0.11821979166666664,56.25807291666666
782,849,929,409.4236111111111,0.10020034722222222,58.592187499999994
783,929,848,393.88541666666663,0.09999999999999995,58.84479166666664
784,848,1300,409.2326388888889,0.10018472222222219,58.51249999999996
785,1300,231,412.33333333333337,0.10792621527777777,59.114062499999974
786,231,286,444.70052083333337,0.11205512152777776,59.90911458333334
787,286,928,428.9626736111111,0.07969973958333337,64.94470486111112
788,928,847,385.45833333333337,0.09235520833333336,61.293055555555554
789,847,285,440.17621527777777,0.1065896701388889,59.341059027777774
790,285,846,471.2473958333333,0.11288428819444442,58.837065972222234
791,846,927,449.90104166666663,0.11133107638888881,57.04652777777777
792,927,77,477.3333333333333,0.1057862847222222,58.17864583333332
793,77,230,525.2144097222222,0.14073463541666675,55.15251736111111
794,230,1299,412.3845486111111,0.11080269097222228,57.50460069444442
795,1299,420,297.65885416666663,0.08971015625000003,57.04626736111109
796,420,350,291.1388888888889,0.11269548611111108,54.105468749999986
797,350,943,315.46961805555554,0.1035860243055555,56.69340277777776
798,943,1153,319.19097222222223,0.11739687499999998,53.61041666666668
799,1153,308,280.3967013888889,0.1263776909722222,51.62500000000003
800,308,1071,300.5078125,0.10651901041666666,57.439236111111114
801,1071,307,278.2013888888889,0.0887345486111111,59.25286458333335
802,307,942,236.68055555555557,0.08499166666666667,57.45720486111111
803,942,306,230.38541666666669,0.08373819444444444,59.226822916666634
804,306,1094,235.04513888888889,0.06817795138888891,62.91571180555556
805,1094,305,252.5564236111111,0.07226918402777781,62.089322916666674
806,305,316,208.45833333333331,0.06578645833333335,61.998437499999994
807,420,298,270.23090277777777,0.11432534722222229,55.674045138888886
808,298,1096,234.90364583333331,0.11885008680555562,56.80677083333333
809,1096,299,340.30642361111114,0.11617361111111112,56.56493055555555
810,299,336,392.49392361111114,0.11265868055555557,57.530381944444436
811,336,9,378.76736111111114,0.11464140625000002,56.69366319444443
812,9,111,424.3984375,0.12175625,55.27395833333332
813,111,271,417.83246527777777,0.13163133680555555,54.73793402777776
814,271,651,392.80034722222223,0.12561059027777777,53.919791666666626
815,651,10,393.23524305555554,0.1219451388888889,53.9550347222222
816,10,112,388.5998263888889,0.14522621527777785,51.72986111111112
817,112,652,355.25347222222223,0.1488473958333334,47.50520833333334
818,652,113,339.06944444444446,0.14019557291666668,47.103906249999994
819,113,653,379.19444444444446,0.15237039930555552,47.71623263888888
820,653,300,433.19965277777777,0.15799835069444446,49.88289930555557
821,300,1091,430.23784722222223,0.14268550347222225,51.04765625000002
822,1091,362,382.5190972222223,0.1515919270833333,50.242708333333354
823,362,1275,385.859375,0.18202942708333328,51.6453125
824,1275,114,408.02604166666663,0.16303472222222218,52.765451388888884
825,114,11,399.5598958333333,0.13242942708333327,53.214583333333344
826,11,12,391.11371527777777,0.1298135416666667,53.78923611111112
827,12,898,414.69097222222223,0.1557316840277778,52.21371527777778
828,898,115,435.23350694444446,0.15543454861111106,52.3881076388889
829,115,116,444.5920138888889,0.13331883680555548,54.0234375
830,116,1056,401.6015625,0.11455234374999992,52.179774305555554
831,1056,13,360.31944444444446,0.09990208333333331,53.001562500000006
832,13,1309,381.55555555555554,0.1140328125,52.80399305555555
833,1309,117,390.15538194444446,0.10728776041666663,52.68359375
834,117,654,395.5373263888889,0.0991271701388889,56.32526041666667
835,654,941,375.91145833333337,0.12852222222222232,51.79947916666666
836,941,14,315.25694444444446,0.1204172743055556,49.478038194444444
837,14,655,292.4513888888889,0.07849904513888889,56.64192708333333
838,655,288,352.7751736111111,0.09329314236111114,57.293142361111094
839,288,118,414.8654513888889,0.1322228298611111,54.282378472222206
840,118,948,370.74131944444446,0.1654763888888888,51.02309027777777
841,948,1093,355.5364583333333,0.18723993055555543,46.535763888888894
842,1093,947,328.10069444444446,0.14100954861111112,54.73680555555557
843,947,946,328.10069444444446,0.14100954861111112,54.73680555555557
844,946,279,344.5390625,0.15740998263888883,49.57222222222222
845,279,562,289.7291666666667,0.12832491319444445,51.75503472222222
846,562,349,370.97569444444446,0.13500338541666668,50.020659722222206
847,349,338,440.33940972222223,0.15197994791666664,50.985590277777774
848,338,1048,395.59027777777777,0.16407586805555552,51.18003472222223
849,1048,1066,354.3802083333333,0.15301892361111105,50.041840277777794
850,1066,886,397.79340277777777,0.14236944444444444,49.366493055555544
851,886,1065,402.3263888888889,0.1564689236111111,47.3894097222222
852,1065,1049,388.9704861111111,0.16992447916666664,45.9890625
853,1049,1064,395.97569444444446,0.18948263888888892,46.494444444444454
854,1064,907,367.83333333333337,0.17916805555555554,46.253472222222236
855,907,1050,378.0173611111111,0.14693923611111112,47.551736111111126
856,1050,1063,380.62847222222223,0.1544451388888889,48.42708333333334
857,1063,1051,414.3385416666667,0.12987621527777773,54.7048611111111
858,1051,1062,410.99131944444446,0.14170798611111113,55.10729166666663
859,1062,1052,361.8611111111111,0.1333112847222223,56.218576388888835
860,1052,1053,408.94791666666663,0.10045729166666673,59.79496527777776
861,1053,1061,418.33854166666663,0.1116234375,50.6993055555556
862,1061,334,407.99479166666663,0.1271235243055555,49.57595486111114
863,334,63,487.20746527777777,0.13976111111111106,54.56805555555556
864,63,1060,499.29253472222223,0.11416189236111104,58.31848958333332
865,1060,1090,270.6666666666667,0.07137100694444441,62.46649305555552
866,1090,337,198.03645833333331,0.05951718750000003,63.1206597222222
867,337,335,246.04774305555554,0.06238142361111114,63.223697916666644
868,335,1294,181.1796875,0.06674496527777779,60.425260416666646
869,1294,600,238.60416666666669,0.11143472222222216,55.74930555555557
870,600,994,268.98958333333337,0.13423611111111108,55.065104166666686
871,994,599,321.140625,0.1068232638888889,59.17430555555556
872,599,993,358.67534722222223,0.11482118055555555,58.07534722222222
873,993,48,363.3385416666667,0.1388822916666667,55.68784722222223
874,48,47,398.22222222222223,0.1306664930555556,57.480989583333326
875,47,980,376.5833333333333,0.12838315972222225,56.572309027777756
876,980,992,335.28125,0.12031857638888895,55.85868055555554
877,992,979,334.6979166666667,0.09738680555555562,59.61302083333334
878,979,991,387.984375,0.09688663194444447,60.657812500000034
879,991,598,388.05729166666663,0.09696944444444447,60.5939236111111
880,598,597,365.34375,0.09594583333333337,60.56423611111107
881,597,978,283.03472222222223,0.09070989583333333,59.984548611111094
882,978,990,216.26215277777777,0.0768048611111111,61.510763888888874
883,990,977,240.86111111111111,0.10122499999999998,54.47499999999998
884,977,1276,267.0763888888889,0.12182083333333334,53.27309027777774
885,1276,596,248.54861111111114,0.09319236111111112,61.23559027777776
886,596,1176,200.72916666666669,0.09158472222222225,56.68559027777777
887,1176,1109,300.2482638888889,0.10486770833333335,52.6607638888889
888,1109,46,349.94184027777777,0.08513576388888891,59.136631944444474
889,46,45,322.15885416666663,0.08121423611111116,62.83854166666665
890,45,1271,357.140625,0.0819614583333334,63.57135416666665
891,1271,44,361.56944444444446,0.0819614583333334,63.611111111111136
892,44,595,361.56944444444446,0.0819614583333334,63.611111111111136
893,1109,320,359.82465277777777,0.08783585069444444,57.95633680555558
894,320,926,302.1736111111111,0.08092751736111109,59.87473958333335
895,926,1143,366.52430555555554,0.08478559027777778,61.17291666666666
896,1143,330,426.4435763888889,0.09673298611111114,59.4665798611111
897,330,845,353.3098958333333,0.10626961805555553,56.590364583333326
898,845,226,374.0954861111111,0.11260685763888884,56.86406249999998
899,226,364,421.20572916666663,0.11039713541666664,58.10572916666665
900,364,227,380.2907986111111,0.10704062500000001,57.47829861111111
901,227,1257,402.3611111111111,0.11122361111111115,55.976909722222246
902,1257,1258,405.0486111111111,0.12184218749999998,54.959895833333334
903,1258,281,442.5720486111111,0.13117986111111102,54.14548611111109
904,281,1108,522.3463541666666,0.15763819444444443,50.199826388888894
905,1108,1194,437.59027777777777,0.15500381944444452,47.51788194444446
906,1194,282,384.87152777777777,0.1527348090277778,49.88394097222223
907,282,331,425.0876736111111,0.1582559027777778,49.16197916666667
908,331,228,433.75607638888886,0.13972083333333335,49.04600694444446
909,228,229,481.21701388888886,0.14055937499999996,52.08498263888889
910,229,476,523.5486111111111,0.1362934027777777,52.15920138888889
911,476,74,508.1877170138889,0.14872745225694442,50.20275607638889
912,74,283,390.681640625,0.13642823350694444,52.74746093749998
913,283,420,307.55555555555554,0.10768046875000001,54.687152777777754
914,1194,537,194.55208333333334,0.07124730902777782,58.44435763888889
915,537,1287,93.81944444444444,0.021354774305555563,67.44713541666667
916,1287,1288,161.41145833333331,0.03309600694444445,66.50850694444442
917,1288,1286,183.57465277777777,0.04401197916666667,64.31180555555554
918,1286,1285,161.94618055555554,0.04130364583333334,64.8717013888889
919,1285,533,129.48871527777777,0.02896215277777777,66.07265625
920,533,534,116.62999131944446,0.03956048177083332,64.23832465277778
921,335,325,245.14670138888889,0.07396901041666669,62.32178819444442
922,325,49,259.5060763888889,0.10168324652777777,58.63654513888891
923,49,50,278.3862847222222,0.10448836805555557,57.88880208333335
924,50,51,353.28472222222223,0.11158116319444446,58.37135416666667
925,51,995,319.07118055555554,0.11305460069444447,57.24791666666665
926,995,981,268.4548611111111,0.16024861111111116,47.74201388888887
927,981,601,297.5625,0.16263524305555557,50.51527777777778
928,601,982,318.91319444444446,0.14256440972222226,55.67656249999999
929,982,996,293.02777777777777,0.13888819444444445,54.436979166666674
930,996,52,278.31597222222223,0.11670399305555554,55.50451388888891
931,52,53,292.3246527777778,0.13544670138888892,53.83654513888891
932,53,997,274.5920138888889,0.11022378472222223,55.29592013888892
933,997,998,246.08506944444446,0.09437065972222224,54.94166666666666
934,998,983,272.3732638888889,0.1283907986111112,54.871874999999996
935,983,984,296.2065972222222,0.1456338541666667,52.75416666666666
936,984,602,325.0972222222222,0.1656284722222222,51.54895833333333
937,602,54,343.84375,0.15799123263888884,51.28862847222223
938,54,999,213.13368055555554,0.08658914930555552,57.49973958333331
939,999,277,81.56944444444444,0.04398715277777779,63.65972222222217
940,277,258,164.390625,0.07523411458333334,58.96579861111108
941,258,814,257.2361111111111,0.1644518229166667,48.84184027777776
942,814,91,314.81163194444446,0.17145407986111114,47.84531249999999
943,91,259,348.6579861111111,0.12405234374999999,53.06154513888889
944,259,1045,317.09635416666663,0.09121770833333333,58.795399305555556
945,1045,880,301.046875,0.12738593749999996,51.37586805555556
946,880,538,373.9609375,0.1759053819444444,47.26536458333332
947,538,260,404.19965277777777,0.13372074652777777,55.34730902777778
948,260,261,349.4184027777777,0.11499366319444446,54.90052083333332
949,261,572,337.6545138888889,0.11564157986111112,55.59565972222221
950,572,881,325.3151041666667,0.12001171874999994,54.10538194444446
951,881,904,341.84722222222223,0.10242708333333328,56.196527777777774
952,904,573,331.5833333333333,0.09292673611111112,57.72031249999998
953,573,882,359.9704861111111,0.11829236111111109,54.81006944444444
954,882,931,395.61979166666663,0.10720277777777779,59.55190972222222
955,931,262,390.27430555555554,0.09803706597222225,61.65972222222221
956,262,569,376.7265625,0.11105295138888886,57.394791666666634
957,569,93,305.6814236111111,0.10299843749999997,58.0525173611111
958,93,263,305.81510416666663,0.10301605902777777,58.084895833333334
959,1109,1110,382.17534722222223,0.07650486111111114,61.09375
960,1110,73,343.83159722222223,0.08999522569444449,59.636631944444424
961,73,1038,324.7673611111111,0.08736796875000002,59.07552083333332
962,1038,1039,319.9704861111111,0.10218177083333335,59.33541666666665
963,1039,225,324.6814236111111,0.13213524305555557,55.72717013888888
964,225,72,361.5729166666667,0.10988793402777779,56.8993923611111
965,72,843,378.66927083333337,0.09193984375000004,59.805555555555515
966,843,224,366.71354166666663,0.08738697916666674,61.97795138888884
967,224,842,366.71354166666663,0.08738697916666674,61.97795138888884
968,842,925,335.24305555555554,0.12139861111111108,56.2939236111111
969,925,223,341.76475694444446,0.13027048611111106,54.579079861111126
970,223,924,361.2161458333333,0.09894236111111113,58.04314236111111
971,924,841,326.703125,0.105303125,53.05208333333334
972,841,222,337.0416666666667,0.11331145833333334,53.98402777777778
973,222,221,355.08940972222223,0.11326814236111114,56.95885416666667
974,221,1111,342.01128472222223,0.1089896701388889,55.879340277777786
975,1111,71,361.0564236111111,0.12366666666666666,54.777951388888894
976,71,922,361.96614583333337,0.13325503472222222,53.63298611111108
977,922,923,348.8125,0.12889548611111112,53.821006944444406
978,923,70,367.78038194444446,0.1338953125,55.395572916666666
979,70,921,364.51649305555554,0.09918472222222224,60.97508680555554
980,921,840,355.13541666666663,0.09220503472222227,60.468749999999986
981,840,220,368.23003472222223,0.12873420138888886,54.627864583333334
982,220,219,387.8229166666667,0.13234835069444437,53.44522569444443
983,219,1057,382.0251736111111,0.10502300347222224,58.532986111111114
984,1057,605,279.89756944444446,0.07327430555555557,63.429687500000014
985,605,1088,279.9357638888889,0.07327430555555557,63.572395833333346
986,1088,589,232.11284722222223,0.0636994791666667,64.8125
987,589,1169,179.31423611111111,0.04869774305555556,64.77239583333333
988,1169,60,375.76909722222223,0.07520972222222223,62.02317708333332
989,60,1086,452.5572916666667,0.10440677083333336,59.59765624999999
990,1086,1087,401.3888888888889,0.11205850694444446,58.83125
991,1087,1055,408.7309027777778,0.10518611111111115,60.56944444444443
992,1055,1306,399.6996527777778,0.09145711805555559,62.74861111111112
993,1306,1058,366.9826388888889,0.08910034722222224,61.27881944444445
994,1058,61,375.50173611111114,0.09155477430555554,59.9415798611111
995,61,1054,422.50868055555554,0.08889956597222219,61.3629340277778
996,1054,1059,412.97916666666663,0.08354201388888888,62.82326388888891
997,1059,62,395.32899305555554,0.07986128472222223,64.11814236111111
998,62,317,370.7868923611111,0.07548170572916668,63.82747395833333
999,317,335,250.78515624999997,0.06072858072916669,63.131293402777736
1000,589,37,138.3828125,0.05840590277777774,63.565885416666646
1001,37,723,218.94184027777777,0.09840729166666663,58.83289930555553
1002,723,724,306.91145833333337,0.09771614583333335,59.55208333333332
1003,724,159,343.14236111111114,0.07374991319444446,60.01093749999998
1004,159,273,351.20659722222223,0.08415486111111109,57.61892361111109
1005,273,161,355.7083333333333,0.09929670138888887,58.383767361111104
1006,161,160,330.88628472222223,0.09649930555555558,59.086024305555554
1007,160,162,293.76475694444446,0.0850296875,58.83428819444445
1008,162,163,314.50086805555554,0.09587890624999998,58.0201388888889
1009,163,164,328.55555555555554,0.10463003472222218,57.17586805555556
1010,164,165,317.5720486111111,0.10781085069444443,56.69296875
1011,165,166,348.4097222222222,0.10577369791666669,57.40329861111112
1012,166,167,303.10677083333337,0.10217039930555555,57.46015625000001
1013,167,612,276.5651041666667,0.10316588541666663,58.3401909722222
1014,612,876,291.4201388888889,0.0927088541666665,58.84079861111103
1015,876,877,352.83333333333337,0.09032673611111092,58.58506944444437
1016,877,1043,445.90277777777777,0.09323454861111106,59.99114583333332
1017,1043,302,461.52083333333337,0.09651050347222222,60.31189236111112
1018,302,879,468.28472222222223,0.10769817708333335,59.36137152777779
1019,879,844,356.7638888888889,0.09957708333333336,58.326388888888886
1020,844,878,321.859375,0.08491493055555557,57.92552083333334
1021,878,897,348.25520833333337,0.08891388888888888,58.37013888888892
1022,897,1044,265.19618055555554,0.09487621527777779,57.220833333333346
1023,1044,303,252.62760416666666,0.09664114583333336,56.06354166666668
1024,303,277,173.95746527777777,0.07066579861111111,59.853472222222216
1025,277,55,282.73741319444446,0.09601892361111107,59.10373263888886
1026,55,1177,550.9613715277778,0.16539461805555544,53.0290798611111
1027,1177,57,483.8845486111111,0.14805069444444435,54.808940972222224
1028,57,985,355.66059027777777,0.09766215277777779,60.85928819444446
1029,985,603,343.30381944444446,0.11216076388888892,59.318923611111146
1030,603,58,343.23177083333337,0.12632795138888891,57.929340277777825
1031,58,326,351.63975694444446,0.11220659722222227,59.499826388888934
1032,326,986,351.70659722222223,0.09803940972222228,60.85052083333332
1033,986,989,351.6736111111111,0.11877500000000007,57.11753472222222
1034,989,604,351.67881944444446,0.11877500000000007,57.15642361111115
1035,604,988,337.9548611111111,0.12133663194444447,57.63559027777778
1036,988,327,278.78993055555554,0.18242699652777783,50.00694444444443
1037,327,59,203.18142361111111,0.18000008680555563,50.540624999999984
1038,59,987,122.35850694444444,0.09992256944444446,58.24826388888887
1039,987,1042,168.92881944444446,0.09450711805555556,55.24687499999999
1040,1042,939,296.20833333333337,0.10599774305555554,53.746875
1041,939,936,253.890625,0.08848020833333334,49.641666666666666
1042,936,860,282.2048611111111,0.09317291666666669,49.32083333333334
1043,860,861,395.91840277777777,0.1391342013888889,49.90138888888891
1044,861,862,383.0173611111111,0.16635538194444444,47.05260416666667
1045,862,1195,328.7760416666667,0.18133350694444444,49.52361111111112
1046,1195,1099,293.8732638888889,0.18090711805555565,50.83281250000001
1047,1099,85,318.91319444444446,0.11968697916666676,56.82769097222222
1048,1099,577,355.53993055555554,0.12377100694444454,55.88229166666667
1049,577,576,387.73784722222223,0.09978003472222226,59.1637152777778
1050,576,619,410.6892361111111,0.09035815972222222,62.496701388888866
1051,619,949,410.6892361111111,0.09035815972222222,62.496701388888866
1052,949,618,410.6892361111111,0.09035815972222222,62.496701388888866
1053,618,894,410.6892361111111,0.09035815972222222,62.496701388888866
1054,894,617,410.6892361111111,0.09035815972222222,62.496701388888866
1055,617,94,435.24913194444446,0.09455651041666663,61.939496527777735
1056,94,290,410.6892361111111,0.09035815972222222,62.496701388888866
1057,290,333,410.68663194444446,0.09035815972222222,62.4772569444444
1058,333,616,386.1267361111111,0.08615980902777781,63.03446180555554
1059,616,615,361.56944444444446,0.0819614583333334,63.611111111111136
1060,615,614,410.6892361111111,0.09035815972222222,62.496701388888866
1061,614,0,435.24652777777777,0.09455651041666663,61.92005208333326
1062,0,332,410.68663194444446,0.09035815972222222,62.4399305555555
1063,987,246,209.34809027777777,0.07118550347222223,59.13480902777778
1064,246,858,339.13975694444446,0.08763046874999998,58.5573784722222
1065,858,610,375.21875,0.0817267361111111,62.29149305555551
1066,610,247,386.84895833333337,0.08400043402777778,61.024652777777774
1067,247,859,407.75,0.0846388020833333,60.67274305555556
1068,859,84,458.26996527777777,0.08500850694444442,62.28897569444447
1069,84,245,459.94097222222223,0.08528307291666669,62.81762152777781
1070,245,244,486.77083333333337,0.09199661458333332,61.95677083333334
1071,244,83,517.1831597222223,0.08682178819444444,62.31380208333333
1072,83,1278,421.86631944444446,0.07497456597222221,61.73376736111112
1073,1278,1277,340.80208333333337,0.07765520833333332,61.0715277777778
1074,1277,40,331.8532986111111,0.10980199652777776,58.2162326388889
1075,40,39,384.6875,0.11809088541666664,57.17178819444443
1076,39,172,408.2534722222222,0.09917204861111115,59.004687499999996
1077,172,171,370.81684027777777,0.10310060763888887,58.62282986111113
1078,171,170,399.3498263888889,0.11097404513888887,58.63142361111111
1079,170,731,366.6623263888889,0.1016069444444445,60.07526041666667
1080,731,730,344.3142361111111,0.10899600694444447,57.09322916666668
1081,730,169,374.3637152777778,0.12951328125000003,55.678906250000004
1082,169,1149,399.12413194444446,0.12266918402777781,58.35460069444444
1083,1149,729,429.44965277777777,0.12425069444444446,57.75868055555557
1084,729,728,417.35416666666663,0.12337343749999999,58.97638888888889
1085,728,727,411.83680555555554,0.09937847222222221,62.6536458333333
1086,727,726,388.4895833333333,0.08178697916666666,63.38524305555553
1087,726,725,394.3020833333333,0.08898628472222225,60.77569444444444
1088,725,38,464.34982638888886,0.09787743055555562,59.90329861111111
1089,38,168,421.98263888888886,0.11308385416666672,57.37586805555556
1090,168,167,300.29340277777777,0.1180971354166667,56.03741319444444
1091,167,539,301.9140625,0.10432256944444443,56.637847222222234
1092,539,875,344.00347222222223,0.09476067708333334,57.84869791666668
1093,875,874,337.33333333333337,0.09502309027777778,58.825868055555574
1094,874,257,324.1736111111111,0.1018990451388889,57.44322916666667
1095,257,461,314.484375,0.0949183159722222,58.020920138888876
1096,461,215,345.24131944444446,0.09435824652777776,58.78350694444444
1097,215,462,393.54600694444446,0.09753914930555552,58.26579861111112
1098,462,919,453.76128472222223,0.10502170138888883,57.554947916666684
1099,919,838,449.55208333333337,0.09644670138888885,60.09878472222222
1100,838,463,524.2560763888889,0.09671414930555554,61.66597222222222
1101,463,216,535.21875,0.10144053819444444,60.1123697916667
1102,216,464,457.2673611111111,0.09872960069444449,58.36879340277779
1103,464,920,448.72309027777777,0.11634470486111119,55.020659722222206
1104,920,839,406.27777777777777,0.11025850694444447,58.64999999999999
1105,839,465,406.1892361111111,0.10847473958333329,60.80442708333332
1106,465,1289,420.48784722222223,0.1281205729166667,55.64331597222222
1107,1289,218,409.0017361111111,0.12613342013888895,55.94878472222223
1108,218,67,407.02430555555554,0.11167873263888894,58.54001736111111
1109,67,68,415.84461805555554,0.10615364583333337,58.445833333333326
1110,68,280,416.171875,0.1019701388888889,59.1921875
1111,280,388,332.08159722222223,0.11351467013888893,56.88767361111111
1112,388,69,266.73784722222223,0.12646371527777783,54.917534722222214
1113,69,219,345.50868055555554,0.12673611111111116,54.75755208333332
1114,219,1078,369.2838541666667,0.10772439236111112,56.73524305555556
1115,1078,1077,326.34895833333337,0.08636006944444452,59.96302083333335
1116,1077,1076,199.08680555555554,0.06467152777777782,61.62326388888887
1117,1076,1075,164.88715277777777,0.05214305555555557,62.947569444444426
1118,1075,1074,219.98090277777777,0.04837291666666668,63.654861111111124
1119,1074,1073,177.57465277777777,0.0361357638888889,64.72118055555556
1120,1073,1072,162.89583333333331,0.0531279513888889,61.92118055555555
1121,1072,565,174.27690972222223,0.060647916666666676,62.383506944444434
1122,565,339,183.48958333333334,0.05696744791666667,63.89401041666666
1123,339,564,133.50694444444446,0.046713541666666664,65.04817708333334
1124,564,473,73.39887152777777,0.030997569444444442,65.61132812500003
1125,473,475,69.68446180555556,0.042392100694444435,62.07955729166668
1126,461,542,243.15104166666666,0.08002447916666665,59.94609374999999
1127,542,540,233.00954861111111,0.08972786458333337,58.194878472222214
1128,540,481,295.62738715277777,0.11082209201388893,55.50008680555555
1129,461,214,356.86979166666663,0.09198194444444444,60.62517361111109
1130,214,460,450.69444444444446,0.08897543402777777,63.267708333333324
1131,460,837,489.9861111111111,0.08996710069444447,64.12491319444445
1132,837,918,575.9097222222222,0.09705746527777778,66.91406249999999
1133,918,836,571.2413194444445,0.09965590277777776,68.09305555555554
1134,836,917,514.5416666666667,0.10019444444444445,67.5296875
1135,917,213,539.7456597222222,0.10828749999999998,66.46250000000002
1136,213,835,514.1710069444443,0.11505590277777776,61.83975694444447
1137,835,916,466.44444444444446,0.1018921875,60.767881944444454
1138,916,834,405.8142361111111,0.09232274305555555,61.1298611111111
1139,834,212,414.6171875,0.09090069444444443,61.491145833333334
1140,212,833,423.19878472222223,0.1019923611111111,59.94687500000001
1141,833,915,430.12847222222223,0.10465590277777778,60.023958333333326
1142,915,459,460.4973958333333,0.09678845486111112,63.32977430555555
1143,459,66,476.2890625,0.09570781250000002,63.93046875000002
1144,66,832,448.79166666666663,0.10984696180555557,61.335763888888906
1145,832,914,401.6875,0.10648472222222226,59.922395833333354
1146,914,831,405.78645833333337,0.08303038194444445,62.41857638888891
1147,831,913,441.25347222222223,0.10617430555555557,61.89826388888889
1148,913,65,455.7890625,0.11190720486111114,61.1697048611111
1149,65,211,425.10677083333337,0.08989921875000001,61.4984375
1150,211,912,384.44444444444446,0.09518906249999999,60.189670138888886
1151,912,830,395.6875,0.10663506944444444,60.00902777777781
1152,830,911,415.71875,0.10803107638888892,60.56059027777783
1153,911,910,407.5173611111111,0.09995486111111113,61.89149305555557
1154,910,829,399.77604166666663,0.08635711805555552,59.03315972222222
1155,829,210,397.94618055555554,0.07627656249999998,59.27743055555555
1156,210,458,388.0451388888889,0.08188550347222222,63.505034722222206
1157,1277,609,343.4513888888889,0.08068090277777779,62.4076388888889
1158,609,1172,301.1458333333333,0.08166996527777776,63.2795138888889
1159,1172,82,326.98871527777777,0.07717907986111108,63.158420138888886
1160,82,243,366.18663194444446,0.06557838541666663,63.96657986111108
1161,243,242,337.99652777777777,0.06675147569444446,63.85390624999998
1162,242,518,341.03472222222223,0.07535633680555559,62.00217013888889
1163,518,241,335.1032986111111,0.06785399305555558,62.61814236111112
1164,241,134,299.84375,0.06070564236111112,62.986631944444454
1165,134,81,307.55381944444446,0.07163472222222221,61.97239583333335
1166,81,240,320.37760416666663,0.07314157986111111,62.82656250000001
1167,240,239,290.9748263888889,0.06380703125000001,63.671267361111134
1168,239,517,293.00694444444446,0.06558272569444445,62.47751736111113
1169,517,312,328.49392361111114,0.07477135416666666,62.040190972222234
1170,312,516,331.66145833333337,0.0933247395833333,58.65008680555556
1171,516,238,319.45225694444446,0.09353576388888887,58.50746527777778
1172,1277,387,360.49565972222223,0.10450138888888892,59.08454861111112
1173,387,173,399.2083333333333,0.13987612847222225,55.32786458333333
1174,173,174,427.3046875,0.15716649305555555,53.56310763888889
1175,174,175,416.96614583333337,0.14982178819444442,53.134027777777774
1176,175,732,398.16579861111114,0.16209045138888895,49.77916666666667
1177,732,733,364.39583333333337,0.14364947916666673,51.4453125
1178,733,734,351.7638888888889,0.14252065972222225,50.959374999999994
1179,734,735,389.4357638888889,0.14635815972222221,53.82222222222224
1180,735,324,382.68055555555554,0.11025720486111108,59.23576388888889
1181,324,417,350.3046875,0.10981180555555556,55.90052083333332
1182,417,736,347.2265625,0.11947421874999997,54.17447916666666
1183,736,737,354.27777777777777,0.1092298611111111,58.01996527777776
1184,737,506,365.18836805555554,0.10263012152777784,61.25243055555556
1185,416,667,345.67274305555554,0.08950451388888886,58.37968750000002
1186,667,1303,362.49479166666663,0.11550156249999999,55.515451388888906
1187,1303,668,334.7951388888889,0.1352347222222223,50.87517361111111
1188,668,137,314.9079861111111,0.11969305555555562,51.64887152777776
1189,137,556,320.84375,0.09537326388888892,57.4731770833333
1190,556,669,347.36805555555554,0.08859930555555562,61.01822916666662
1191,669,138,361.55902777777777,0.0819614583333334,63.533333333333275
1192,138,361,361.55902777777777,0.0819614583333334,63.533333333333275
1193,361,670,361.55902777777777,0.0819614583333334,63.533333333333275
1194,670,671,361.55902777777777,0.0819614583333334,63.533333333333275
1195,671,24,361.578125,0.0819614583333334,63.85798611111108
1196,24,139,361.578125,0.0819614583333334,63.85798611111108
1197,139,673,361.55902777777777,0.0819614583333334,63.533333333333275
1198,673,672,361.55902777777777,0.0819614583333334,63.533333333333275
1199,672,25,361.5685763888889,0.0819614583333334,63.695659722222175
1200,25,675,410.69878472222223,0.09035815972222222,62.58437499999997
1201,675,674,410.6892361111111,0.09035815972222222,62.422048611111066
1202,674,140,386.12413194444446,0.08615980902777781,62.97769097222217
1203,140,346,410.6892361111111,0.09035815972222222,62.422048611111066
1204,346,676,435.25434027777777,0.09455651041666663,61.86640624999997
1205,676,678,459.81944444444446,0.09875486111111104,61.310763888888864
1206,678,677,410.6892361111111,0.09035815972222222,62.422048611111066
1207,677,679,410.6892361111111,0.09035815972222222,62.422048611111066
1208,679,141,435.25434027777777,0.09455651041666663,61.86640624999997
1209,141,681,435.25434027777777,0.09455651041666663,61.86640624999997
1210,681,680,410.70833333333337,0.09035815972222222,62.74670138888888
1211,680,683,410.70833333333337,0.09035815972222222,62.74670138888888
1212,683,682,410.70833333333337,0.09035815972222222,62.74670138888888
1213,682,684,410.70833333333337,0.09035815972222222,62.74670138888888
1214,684,899,410.70833333333337,0.09035815972222222,62.74670138888888
1215,899,685,361.578125,0.0819614583333334,63.85798611111108
1216,685,1069,361.578125,0.0819614583333334,63.85798611111108
1217,1069,142,311.4375,0.09139904513888894,60.72838541666667
1218,142,553,208.08333333333334,0.07110147569444447,61.285243055555576
1219,553,1095,247.2465277777778,0.05570989583333333,65.15442708333335
1220,1095,891,326.92534722222223,0.07311666666666666,63.64774305555555
1221,891,289,313.83680555555554,0.07876414930555559,62.090451388888894
1222,289,889,301.609375,0.06716067708333336,63.35503472222224
1223,889,890,299.6423611111111,0.06243194444444447,64.31545138888889
1224,890,545,330.6458333333333,0.06578862847222224,64.89036458333331
1225,545,266,325.66666666666663,0.06660572916666666,64.80859375000001
1226,266,888,287.74305555555554,0.06577769097222223,64.45815972222223
1227,888,552,288.1979166666667,0.05031501736111113,67.26336805555553
1228,552,265,284.66840277777777,0.053664409722222195,66.2181423611111
1229,265,1198,241.53819444444443,0.07758637152777775,61.38151041666667
1230,553,588,113.96006944444446,0.07393229166666668,60.01796875000003
1231,588,1171,77.3125,0.07524270833333335,59.254340277777786
1232,1171,26,194.26215277777777,0.07889696180555555,61.54062499999998
1233,26,686,355.23784722222223,0.11280095486111108,60.13402777777776
1234,686,687,354.58159722222223,0.13301545138888882,57.81284722222222
1235,687,1070,336.7864583333333,0.1234255208333333,58.54079861111107
1236,1070,688,356.8628472222222,0.10708281249999999,60.199131944444396
1237,688,27,366.11631944444446,0.11711024305555554,59.34887152777776
1238,27,143,375.1935763888889,0.11504296874999999,59.9423611111111
1239,143,144,342.8081597222222,0.10637543402777778,58.97960069444444
1240,144,145,334.7378472222222,0.10207899305555553,60.387673611111104
1241,145,689,350.09201388888886,0.10294583333333332,62.3137152777778
1242,689,146,338.80034722222223,0.09932309027777778,60.071267361111154
1243,146,28,364.07921006944446,0.11295123697916665,59.11881510416668
1244,28,690,374.17122395833337,0.10890453559027777,61.40726996527777
1245,690,691,348.9236111111111,0.11956822916666665,60.67222222222222
1246,691,544,365.6935763888889,0.1342995659722222,59.35607638888891
1247,26,1298,194.26215277777777,0.07889696180555555,61.54062499999998
1248,1298,1297,118.60763888888889,0.07759253472222225,58.84583333333332
1249,1297,1190,133.87326388888889,0.1084125,53.57482638888888
1250,1190,1191,105.00694444444444,0.08571059027777776,57.973611111111076
1251,1191,1189,134.70138888888889,0.09448402777777773,57.25277777777775
1252,1189,1156,170.40451388888889,0.1442595486111111,50.77083333333336
1253,1156,1157,135.00694444444446,0.09713871527777782,58.97638888888891
1254,1157,393,163.54253472222223,0.05488862847222223,64.30651041666668
1255,393,392,228.08680555555554,0.0791277777777778,60.57230902777779
1256,392,390,248.19097222222223,0.08376675347222223,58.62100694444444
1257,390,1148,298.60329861111114,0.09326788194444444,58.95659722222223
1258,1148,1167,318.5,0.09843385416666667,58.38697916666667
1259,393,391,212.13368055555554,0.08115277777777777,57.9802951388889
1260,391,389,241.46788194444446,0.09154635416666666,56.271701388888886
1261,389,1292,285.83854166666663,0.10364071180555555,57.69201388888887
1262,1292,1147,307.33854166666663,0.11980034722222216,58.601388888888884
1263,1147,1291,335.3125,0.1135993055555555,60.998437500000016
1264,1291,394,326.91493055555554,0.10007717013888884,61.49791666666668
1265,394,550,266.85329861111114,0.09807890624999997,59.5473090277778
1266,550,1085,226.13975694444446,0.08922065972222218,59.10789930555555
1267,1085,1080,225.34722222222223,0.0691428819444444,61.64843749999997
1268,1080,551,243.28385416666669,0.057658159722222234,62.95972222222222
1269,551,1084,263.8151041666667,0.06475642361111111,61.85972222222223
1270,1084,1081,240.95486111111111,0.05605590277777779,63.13576388888889
1271,1081,1083,227.14409722222223,0.05201319444444446,63.49097222222222
1272,1083,1082,237.96701388888889,0.04922361111111111,65.04895833333333
1273,1082,548,266.74913194444446,0.04761345486111111,65.28203124999997
1274,548,31,215.96180555555554,0.04415546875000001,65.32022569444442
1275,31,553,147.46267361111114,0.03884565972222222,66.30078125000001
1276,550,554,360.79427083333337,0.0932006076388889,59.53550347222223
1277,554,1296,503.6909722222223,0.09450894097222223,59.78871527777777
1278,1296,1166,499.1892361111111,0.1262927083333334,54.63802083333333
1279,1166,1320,466.9704861111111,0.12374947916666676,54.582638888888894
1280,1320,555,476.7673611111111,0.10267248263888892,58.10069444444446
1281,555,532,418.6640625,0.11611614583333336,56.93498263888889
1282,532,531,293.24305555555554,0.10614791666666668,58.5704861111111
1283,531,900,277.03559027777777,0.11145095486111113,58.834288194444426
1284,900,158,309.9262152777778,0.10210989583333335,61.21805555555554
1285,158,574,331.02430555555554,0.08632664930555556,62.04644097222221
1286,574,509,346.40538194444446,0.09564435763888886,59.91258680555555
1287,509,36,338.72743055555554,0.10152725694444441,58.67682291666665
1288,36,722,323.6545138888889,0.11222951388888892,57.035156249999986
1289,722,721,325.08680555555554,0.11864045138888889,57.3423611111111
1290,721,720,337.36284722222223,0.10585069444444442,59.46423611111111
1291,720,515,386.3185763888889,0.11475095486111114,60.05590277777779
1292,515,719,363.29774305555554,0.11817456597222223,58.00000000000003
1293,719,718,310.59722222222223,0.09802013888888889,58.39913194444447
1294,718,157,323.8654513888889,0.10918194444444444,59.06032986111113
1295,157,513,353.8828125,0.14309131944444445,57.823437500000026
1296,513,717,344.48784722222223,0.1413442708333333,56.11762152777776
1297,717,716,316.4079861111111,0.11076267361111111,57.21423611111109
1298,716,715,314.89756944444446,0.10579791666666669,59.175173611111134
1299,715,714,339.80729166666663,0.1143477430555555,58.807291666666686
1300,714,514,375.62152777777777,0.13102743055555552,57.599739583333324
1301,514,35,364.7838541666667,0.1424111111111111,56.479513888888874
1302,35,712,322.64149305555554,0.13343124999999997,54.84088541666665
1303,712,713,314.7170138888889,0.11883142361111113,56.290624999999984
1304,713,711,293.14930555555554,0.12007430555555555,56.27708333333332
1305,711,710,292.86979166666663,0.10974809027777772,56.72881944444444
1306,710,512,337.8472222222222,0.10285112847222216,58.578559027777786
1307,512,511,353.5,0.12200937499999998,57.53246527777778
1308,511,272,373.0729166666667,0.1360957465277778,58.0673611111111
1309,272,709,346.05034722222223,0.11399600694444445,57.46137152777777
1310,709,707,311.2447916666667,0.09615138888888891,57.012847222222206
1311,707,708,316.83680555555554,0.08863385416666669,60.716666666666654
1312,708,508,351.51041666666663,0.1108900173611111,61.8384548611111
1313,508,34,372.9583333333333,0.1311727430555556,60.03949652777777
1314,34,405,353.96875,0.10622552083333338,61.02803819444443
1315,405,510,354.4748263888889,0.10083402777777772,61.553732638888874
1316,510,507,390.82118055555554,0.10769036458333323,60.54097222222224
1317,507,706,421.4904513888889,0.1265229166666666,58.18333333333335
1318,706,1192,435.640625,0.11073385416666667,61.56597222222223
1319,1192,705,452.9375,0.0701435763888889,67.29496527777778
1320,705,33,446.8845486111111,0.07512317708333334,64.38081597222222
1321,532,546,319.07378472222223,0.10659739583333333,57.88637152777776
1322,546,1079,296.19791666666663,0.11406571180555555,54.32256944444443
1323,1079,341,288.3376736111111,0.12746085069444443,52.37656249999999
1324,341,549,273.53472222222223,0.11908749999999999,54.195225694444446
1325,549,340,278.81076388888886,0.10265286458333335,56.569704861111106
1326,340,547,311.4895833333333,0.0942414930555556,59.26093749999999
1327,1233,1317,167.04166666666669,0.04721128472222222,65.1036458333333
1328,1233,1121,155.24131944444446,0.04353628472222223,65.69895833333331
1329,1290,297,382.8420138888889,0.09242586805555553,59.360069444444456
1330,1261,955,209.07638888888889,0.10510920138888889,56.17673611111111
1331,296,386,159.73784722222223,0.056710156250000004,62.40998263888886
1332,386,933,174.34027777777777,0.05552430555555557,62.68211805555551
1333,455,933,338.89496527777777,0.07870980902777779,62.25208333333333
1334,455,296,324.2925347222222,0.07989565972222222,61.97994791666668
1335,354,747,213.5607638888889,0.09668750000000002,54.09270833333332
1336,747,274,326.05989583333337,0.10955364583333338,53.45659722222223
1337,274,1283,260.3880208333333,0.11079618055555565,56.4734375
1338,1283,354,147.88888888888889,0.0979300347222223,57.10954861111108
1339,1138,371,372.01302083333337,0.08787135416666667,58.68281250000004
1340,851,1117,361.8576388888889,0.12988090277777775,53.94131944444444
1341,1299,350,272.7161458333333,0.09230407986111108,57.43454861111108
1342,350,283,282.61284722222223,0.11027439236111106,55.07543402777775
1343,283,298,261.7048611111111,0.11190425347222227,56.64401041666666
1344,298,1299,251.8081597222222,0.0939339409722223,59.00312499999999
1345,282,537,241.7222222222222,0.09397239583333333,59.21163194444444
1346,537,1108,294.44097222222223,0.09624140625000004,56.845572916666676
1347,320,46,301.48871527777777,0.08316710069444445,60.965190972222246
1348,46,1110,323.83940972222223,0.07183611111111116,64.10260416666667
1349,1110,1176,274.14583333333337,0.0915680555555556,57.62673611111109
1350,1176,320,251.79513888888889,0.1028990451388889,54.489322916666666
1351,1169,1088,308.7986111111111,0.06695972222222227,64.14253472222222
1352,1169,37,215.06857638888889,0.06166614583333331,62.89592013888888
1353,1088,37,267.8671875,0.07666788194444445,62.93602430555554
1354,258,55,365.55859375,0.1272658854166666,54.40980902777776
1355,55,303,375.12543402777777,0.1226975694444444,55.297482638888894
1356,303,277,173.95746527777777,0.07066579861111111,59.853472222222216
1357,258,303,256.7786458333333,0.10191276041666666,55.15954861111112
1358,325,337,313.6579861111111,0.08663480902777781,61.717187500000016
1359,337,1294,249.69097222222223,0.07941076388888892,59.82065972222224
1360,1294,317,254.42838541666663,0.07775792100694445,59.72825520833333
1361,317,325,318.39539930555554,0.08498196614583335,61.62478298611111
1362,947,1000,389.64583333333337,0.10237291666666667,60.45972222222222
1363,1000,935,446.1684027777778,0.12244444444444441,55.47934027777775
1364,935,279,326.8949652777778,0.1271250868055555,54.24565972222222
1365,279,947,270.37239583333337,0.10705355902777777,59.22604166666669
1366,20,581,304.70225694444446,0.12554782986111107,55.97135416666667
1367,8,15,138.80381944444446,0.06542178819444447,60.99548611111108
1368,8,626,221.56423611111111,0.0629743055555556,63.59652777777772
1369,626,625,387.94618055555554,0.10823715277777778,59.38975694444443
1370,8,625,247.95138888888889,0.08924999999999997,59.45295138888888
1371,629,1256,389.91319444444446,0.16876232638888883,57.83993055555553
1372,629,492,270.06944444444446,0.10665026041666667,58.28098958333332
1373,1256,1047,389.92881944444446,0.16876232638888883,57.55885416666665
1374,199,268,168.57378472222223,0.043265885416666656,65.8032986111111
1375,268,526,206.61631944444443,0.05435095486111112,64.63541666666664
1376,526,1046,242.3706597222222,0.05923897569444445,62.94097222222222
1377,1046,199,204.328125,0.04815390624999999,64.10885416666667
1378,525,295,350.33333333333337,0.08476892361111116,62.685156249999984
1379,1284,1281,245.36979166666669,0.10009878472222217,55.809375
1380,790,797,145.56944444444446,0.03204305555555556,65.20677083333334
1381,798,800,171.63194444444446,0.05031006944444445,63.30694444444447
1382,790,800,270.02083333333337,0.059406770833333344,64.04131944444444
1383,585,265,243.734375,0.06717873263888885,61.96206597222224
1384,265,491,246.66666666666666,0.06468324652777777,61.7441840277778
1385,391,1157,149.30989583333331,0.05519644097222221,61.8703125
1386,1157,392,165.26302083333331,0.05317144097222224,64.4623263888889
1387,1085,394,270.5260416666667,0.09804887152777769,59.37760416666665
1388,394,554,405.1805555555556,0.10202881944444445,59.80520833333334
1389,531,546,284.7005208333333,0.09907708333333332,59.115017361111086
1390,32,89,291.72743055555554,0.09510781249999997,58.35737847222221
1391,1042,59,209.6935763888889,0.15044253472222224,49.726041666666646
1392,59,246,250.11284722222223,0.1271209201388889,53.613975694444434
1393,1278,40,319.5546875,0.10404331597222216,57.57595486111112
1394,40,609,322.20399305555554,0.10706901041666661,58.91206597222221
1395,609,387,350.84635416666663,0.10176840277777777,59.78038194444443
1396,387,1278,348.1970486111111,0.09874270833333332,58.444270833333334
1397,92,98,415.46354166666663,0.1264863715277778,56.68576388888888
1398,98,93,356.08420138888886,0.12188680555555557,57.1359375
